# РАЗБОР ПРОВЕРОК, УМИРАЮЩИХ ВМЕСТЕ С JavaScript — по утверждениям, а не по файлам.
# Дерево: коммит 4780c595, ветка vypusk/zamestit-proverki. 886 блоков test(...) в 37 файлах.
# Категории: A1 — держит пример внутри .flang (переживёт выброс); A2 — держит только сверка
# self-*.test.mjs (умрёт вместе с JavaScript, но предмет — эталон на flang, перенос дешёвый);
# B — переносимо на flang test примером; C — выразимо только снаружи языка (прогонщик, C, фаззинг);
# D — не замещается ничем.
файл	название теста	категория	улика или довод
flang/test/index-bounds.test.mjs:66	номер доказан обеими границами: `н больше 0 и притом н меньше (длина эл)`	B	B: счёт доказанных мест — значение (flang/self/types.flang:6570-6575, «Итог проверки», поле «доказаны»); для «элемент/символ/подстрока» нужно вывести наружу ещё «доказаныАнализом» — заслон печати flang/self/types.flang:6606-6620 обнуляет их
flang/test/index-bounds.test.mjs:72	одной верхней границы НЕ хватает: `н меньше (длина эл)` без низа	B	B: счёт доказанных мест — значение (flang/self/types.flang:6570-6575, «Итог проверки», поле «доказаны»); для «элемент/символ/подстрока» нужно вывести наружу ещё «доказаныАнализом» — заслон печати flang/self/types.flang:6606-6620 обнуляет их
flang/test/index-bounds.test.mjs:79	одной нижней границы НЕ хватает: `н больше 0` без верха	B	B: счёт доказанных мест — значение (flang/self/types.flang:6570-6575, «Итог проверки», поле «доказаны»); для «элемент/символ/подстрока» нужно вывести наружу ещё «доказаныАнализом» — заслон печати flang/self/types.flang:6606-6620 обнуляет их
flang/test/index-bounds.test.mjs:84	верх, посчитанный числом, годится так же: `элемент 1 в эл` при длине не меньше двух	B	B: счёт доказанных мест — значение (flang/self/types.flang:6570-6575, «Итог проверки», поле «доказаны»); для «элемент/символ/подстрока» нужно вывести наружу ещё «доказаныАнализом» — заслон печати flang/self/types.flang:6606-6620 обнуляет их
flang/test/index-bounds.test.mjs:94	`элемент 3 в [10, 20]` НЕ доказан: номер за концом	B	B: счёт доказанных мест — значение (flang/self/types.flang:6570-6575, «Итог проверки», поле «доказаны»); для «элемент/символ/подстрока» нужно вывести наружу ещё «доказаныАнализом» — заслон печати flang/self/types.flang:6606-6620 обнуляет их
flang/test/index-bounds.test.mjs:102	`элемент 1 в [10]` доказан при базе 1 и НЕ доказан при базе 0	B	B: база — свойство программы и на flang (flang/self/types.flang:6689-6693, «База номера программы», умолчание 1); счёт мест — как выше, через «доказаныАнализом»
flang/test/index-bounds.test.mjs:120	«символ» доказан тем же условием, что и «элемент»	B	B: счёт доказанных мест — значение (flang/self/types.flang:6570-6575, «Итог проверки», поле «доказаны»); для «элемент/символ/подстрока» нужно вывести наружу ещё «доказаныАнализом» — заслон печати flang/self/types.flang:6606-6620 обнуляет их
flang/test/index-bounds.test.mjs:134	ГРАНИЦА ТЕРЯЕТСЯ НА АРИФМЕТИКЕ: про `н плюс 1` не известно ничего	B	B: счёт доказанных мест — значение (flang/self/types.flang:6570-6575, «Итог проверки», поле «доказаны»); для «элемент/символ/подстрока» нужно вывести наружу ещё «доказаныАнализом» — заслон печати flang/self/types.flang:6606-6620 обнуляет их
flang/test/index-bounds.test.mjs:143	ГРАНИЦА ТЕРЯЕТСЯ НА ПЕРЕВЯЗКЕ ИМЕНИ: `пусть эл = []`	B	B: счёт доказанных мест — значение (flang/self/types.flang:6570-6575, «Итог проверки», поле «доказаны»); для «элемент/символ/подстрока» нужно вывести наружу ещё «доказаныАнализом» — заслон печати flang/self/types.flang:6606-6620 обнуляет их
flang/test/index-bounds.test.mjs:160	вложенное числовое сужение НЕ отнимает именной верх	B	B: счёт доказанных мест — значение (flang/self/types.flang:6570-6575, «Итог проверки», поле «доказаны»); для «элемент/символ/подстрока» нужно вывести наружу ещё «доказаныАнализом» — заслон печати flang/self/types.flang:6606-6620 обнуляет их
flang/test/index-bounds.test.mjs:175	номер, объявленный `число`, НЕ доказан: рантайм требует целого	B	B: счёт доказанных мест — значение (flang/self/types.flang:6570-6575, «Итог проверки», поле «доказаны»); для «элемент/символ/подстрока» нужно вывести наружу ещё «доказаныАнализом» — заслон печати flang/self/types.flang:6606-6620 обнуляет их
flang/test/index-bounds.test.mjs:183	граница НЕ живёт в ветви `иначе`: там условие ложно	B	B: счёт доказанных мест — значение (flang/self/types.flang:6570-6575, «Итог проверки», поле «доказаны»); для «элемент/символ/подстрока» нужно вывести наружу ещё «доказаныАнализом» — заслон печати flang/self/types.flang:6606-6620 обнуляет их
flang/test/index-bounds.test.mjs:192	ПОДДЕЛКА «чужое имя»: условие про `другой`, а номер берётся у `эл`	B	B: счёт доказанных мест — значение (flang/self/types.flang:6570-6575, «Итог проверки», поле «доказаны»); для «элемент/символ/подстрока» нужно вывести наружу ещё «доказаныАнализом» — заслон печати flang/self/types.flang:6606-6620 обнуляет их
flang/test/index-bounds.test.mjs:202	ПОДДЕЛКА «другое сравнение»: верх вместо низа	B	B: счёт доказанных мест — значение (flang/self/types.flang:6570-6575, «Итог проверки», поле «доказаны»); для «элемент/символ/подстрока» нужно вывести наружу ещё «доказаныАнализом» — заслон печати flang/self/types.flang:6606-6620 обнуляет их
flang/test/index-bounds.test.mjs:207	нестрогое `не больше` доказывает ПРИ БАЗЕ 1 — той, что у программы по умолчанию	B	B: база — свойство программы и на flang (flang/self/types.flang:6689-6693, «База номера программы», умолчание 1); счёт мест — как выше, через «доказаныАнализом»
flang/test/index-bounds.test.mjs:217	ПОДДЕЛКА «чужая база»: та же программа при базе 0 НЕ доказана	B	B: база — свойство программы и на flang (flang/self/types.flang:6689-6693, «База номера программы», умолчание 1); счёт мест — как выше, через «доказаныАнализом»
flang/test/index-bounds.test.mjs:228	СТРОГОЕ `меньше` доказывает при ОБЕИХ базах: оно сильнее нужного	B	B: база — свойство программы и на flang (flang/self/types.flang:6689-6693, «База номера программы», умолчание 1); счёт мест — как выше, через «доказаныАнализом»
flang/test/index-bounds.test.mjs:237	база — свойство ПРОГРАММЫ, и её отсутствие значит единицу	B	B: база — свойство программы и на flang (flang/self/types.flang:6689-6693, «База номера программы», умолчание 1); счёт мест — как выше, через «доказаныАнализом»
flang/test/index-bounds.test.mjs:247	ПОДДЕЛКА «другое выражение»: `длина (хвост эл)` вместо `длина эл`	B	B: счёт доказанных мест — значение (flang/self/types.flang:6570-6575, «Итог проверки», поле «доказаны»); для «элемент/символ/подстрока» нужно вывести наружу ещё «доказаныАнализом» — заслон печати flang/self/types.flang:6606-6620 обнуляет их
flang/test/index-bounds.test.mjs:255	ПОДДЕЛКА «другой номер»: условие про `н`, а берётся `м`	B	B: счёт доказанных мест — значение (flang/self/types.flang:6570-6575, «Итог проверки», поле «доказаны»); для «элемент/символ/подстрока» нужно вывести наружу ещё «доказаныАнализом» — заслон печати flang/self/types.flang:6606-6620 обнуляет их
flang/test/index-bounds.test.mjs:268	`требует` кладёт границу номера той же `сузить`, что читает `если`	B	B: счёт доказанных мест — значение (flang/self/types.flang:6570-6575, «Итог проверки», поле «доказаны»); для «элемент/символ/подстрока» нужно вывести наружу ещё «доказаныАнализом» — заслон печати flang/self/types.flang:6606-6620 обнуляет их
flang/test/index-bounds.test.mjs:279	ПОДДЕЛКА предусловия «про другое имя» остаётся отвергнутой	B	B: счёт доказанных мест — значение (flang/self/types.flang:6570-6575, «Итог проверки», поле «доказаны»); для «элемент/символ/подстрока» нужно вывести наружу ещё «доказаныАнализом» — заслон печати flang/self/types.flang:6606-6620 обнуляет их
flang/test/index-bounds.test.mjs:293	ЗАСЛОН: доказанное анализом место НЕ получает отметки, пока печать не умеет	B	B: половина держится (flang/test/self-types.test.mjs:422 «элемент» непустотой не снимается, ждём 0); половина «анализ доказал» требует поля «доказаныАнализом» в flang/self/types.flang:6570
flang/test/index-bounds.test.mjs:305	ЗАСЛОН не трогает то, что печать умеет: `голова` доказана и помечена	A2	A2: flang/test/self-types.test.mjs:382 (ПРАВИЛА «литерал списка знает длину точно», отметок 1) + прогон :438
flang/test/index-bounds.test.mjs:316	обе формы класса номера — частичные, и список этого не забыл	A1	A1: flang/self/failures.flang:223-228 (пример «элемент частичен» → да) и :230-232 («Имена частичных форм» содержит элемент, символ, подстрока)
flang/test/index-bounds.test.mjs:347	`подстрока` доказана ЧЕТЫРЬМЯ фактами: Ф1 отрезком, Ф2 и Ф3 длиной, Ф4 — двумя именами	B	B: счёт доказанных мест — значение (flang/self/types.flang:6570-6575, «Итог проверки», поле «доказаны»); для «элемент/символ/подстрока» нужно вывести наружу ещё «доказаныАнализом» — заслон печати flang/self/types.flang:6606-6620 обнуляет их
flang/test/index-bounds.test.mjs:353	Ф1 обязателен: без `н больше 0` номер уходит левее начала строки	B	B: счёт доказанных мест — значение (flang/self/types.flang:6570-6575, «Итог проверки», поле «доказаны»); для «элемент/символ/подстрока» нужно вывести наружу ещё «доказаныАнализом» — заслон печати flang/self/types.flang:6606-6620 обнуляет их
flang/test/index-bounds.test.mjs:360	Ф2 обязателен: без `н не больше (длина т)` начало уходит правее конца	B	B: счёт доказанных мест — значение (flang/self/types.flang:6570-6575, «Итог проверки», поле «доказаны»); для «элемент/символ/подстрока» нужно вывести наружу ещё «доказаныАнализом» — заслон печати flang/self/types.flang:6606-6620 обнуляет их
flang/test/index-bounds.test.mjs:367	Ф3 обязателен: без `м не больше (длина т)` срез вылезает за конец	B	B: счёт доказанных мест — значение (flang/self/types.flang:6570-6575, «Итог проверки», поле «доказаны»); для «элемент/символ/подстрока» нужно вывести наружу ещё «доказаныАнализом» — заслон печати flang/self/types.flang:6606-6620 обнуляет их
flang/test/index-bounds.test.mjs:374	Ф4 обязателен: три старых факта БЕЗ отношения двух имён не доказывают ничего	B	B: счёт доказанных мест — значение (flang/self/types.flang:6570-6575, «Итог проверки», поле «доказаны»); для «элемент/символ/подстрока» нужно вывести наружу ещё «доказаныАнализом» — заслон печати flang/self/types.flang:6606-6620 обнуляет их
flang/test/index-bounds.test.mjs:385	числовая дорога у Ф4 работает без всяких имён: `с 1 по 2` при длине не меньше двух	B	B: счёт доказанных мест — значение (flang/self/types.flang:6570-6575, «Итог проверки», поле «доказаны»); для «элемент/символ/подстрока» нужно вывести наружу ещё «доказаныАнализом» — заслон печати flang/self/types.flang:6606-6620 обнуляет их
flang/test/index-bounds.test.mjs:398	ПОДДЕЛКА Ф4 «про другое имя»: `н не больше к` вместо `н не больше м`	B	B: счёт доказанных мест — значение (flang/self/types.flang:6570-6575, «Итог проверки», поле «доказаны»); для «элемент/символ/подстрока» нужно вывести наружу ещё «доказаныАнализом» — заслон печати flang/self/types.flang:6606-6620 обнуляет их
flang/test/index-bounds.test.mjs:409	ПОДДЕЛКА Ф4 «про другое сравнение»: `н не меньше м` — отношение обратное	B	B: счёт доказанных мест — значение (flang/self/types.flang:6570-6575, «Итог проверки», поле «доказаны»); для «элемент/символ/подстрока» нужно вывести наружу ещё «доказаныАнализом» — заслон печати flang/self/types.flang:6606-6620 обнуляет их
flang/test/index-bounds.test.mjs:419	ПОДДЕЛКА Ф4 «про другое выражение»: `н не больше (м плюс 0)` — не имя	B	B: счёт доказанных мест — значение (flang/self/types.flang:6570-6575, «Итог проверки», поле «доказаны»); для «элемент/символ/подстрока» нужно вывести наружу ещё «доказаныАнализом» — заслон печати flang/self/types.flang:6606-6620 обнуляет их
flang/test/index-bounds.test.mjs:429	ПОДДЕЛКА Ф4 «через отрицание»: ветвь `иначе` от `н больше м` знания НЕ даёт	B	B: счёт доказанных мест — значение (flang/self/types.flang:6570-6575, «Итог проверки», поле «доказаны»); для «элемент/символ/подстрока» нужно вывести наружу ещё «доказаныАнализом» — заслон печати flang/self/types.flang:6606-6620 обнуляет их
flang/test/index-bounds.test.mjs:444	ПОДДЕЛКА: отношение с ИМЕНЕМ СПИСКА в наборе чисел не оказывается	B	B: счёт доказанных мест — значение (flang/self/types.flang:6570-6575, «Итог проверки», поле «доказаны»); для «элемент/символ/подстрока» нужно вывести наружу ещё «доказаныАнализом» — заслон печати flang/self/types.flang:6606-6620 обнуляет их
flang/test/index-bounds.test.mjs:467	ПОДДЕЛКА: `н не больше м` НЕ доказывает `элемент н в эл` — наборы не путаются	B	B: счёт доказанных мест — значение (flang/self/types.flang:6570-6575, «Итог проверки», поле «доказаны»); для «элемент/символ/подстрока» нужно вывести наружу ещё «доказаныАнализом» — заслон печати flang/self/types.flang:6606-6620 обнуляет их
flang/test/index-bounds.test.mjs:480	ПОТЕРЯ на арифметике: `н плюс 0` — другое число, и знания о нём нет	B	B: счёт доказанных мест — значение (flang/self/types.flang:6570-6575, «Итог проверки», поле «доказаны»); для «элемент/символ/подстрока» нужно вывести наружу ещё «доказаныАнализом» — заслон печати flang/self/types.flang:6606-6620 обнуляет их
flang/test/index-bounds.test.mjs:485	ПОТЕРЯ на перевязке имени: связать `м` заново — и Ф4 отменён	B	B: счёт доказанных мест — значение (flang/self/types.flang:6570-6575, «Итог проверки», поле «доказаны»); для «элемент/символ/подстрока» нужно вывести наружу ещё «доказаныАнализом» — заслон печати flang/self/types.flang:6606-6620 обнуляет их
flang/test/index-bounds.test.mjs:497	`требует` кладёт четыре факта подстроки той же `сузить`, что читает `если`	B	B: счёт доказанных мест — значение (flang/self/types.flang:6570-6575, «Итог проверки», поле «доказаны»); для «элемент/символ/подстрока» нужно вывести наружу ещё «доказаныАнализом» — заслон печати flang/self/types.flang:6606-6620 обнуляет их
flang/test/index-bounds.test.mjs:508	ЗАСЛОН печати стоит и над `подстрокой`: анализ доказал, отметки нет	B	B: половина держится (flang/test/self-types.test.mjs:423 «подстрока» не снимается, ждём 0); половина «анализ доказал» требует поля «доказаныАнализом»
flang/test/index-bounds.test.mjs:526	«последний элемент»: `элемент (длина эл) в эл` при доказанной непустоте	B	B: счёт доказанных мест — значение (flang/self/types.flang:6570-6575, «Итог проверки», поле «доказаны»); для «элемент/символ/подстрока» нужно вывести наружу ещё «доказаныАнализом» — заслон печати flang/self/types.flang:6606-6620 обнуляет их
flang/test/index-bounds.test.mjs:536	`требует` кладёт ту же непустоту: сторожа в теле нет вовсе	B	B: счёт доказанных мест — значение (flang/self/types.flang:6570-6575, «Итог проверки», поле «доказаны»); для «элемент/символ/подстрока» нужно вывести наружу ещё «доказаныАнализом» — заслон печати flang/self/types.flang:6606-6620 обнуляет их
flang/test/index-bounds.test.mjs:547	та же память у СТРОКИ: `символ (длина эл) в эл`	B	B: счёт доказанных мест — значение (flang/self/types.flang:6570-6575, «Итог проверки», поле «доказаны»); для «элемент/символ/подстрока» нужно вывести наружу ещё «доказаныАнализом» — заслон печати flang/self/types.flang:6606-6620 обнуляет их
flang/test/index-bounds.test.mjs:558	длина, СВЯЗАННАЯ ИМЕНЕМ, помнит контейнер и через `пусть`	B	B: счёт доказанных мест — значение (flang/self/types.flang:6570-6575, «Итог проверки», поле «доказаны»); для «элемент/символ/подстрока» нужно вывести наружу ещё «доказаныАнализом» — заслон печати flang/self/types.flang:6606-6620 обнуляет их
flang/test/index-bounds.test.mjs:572	ПОДДЕЛКА «пустой не отвергнут»: без непустоты место остаётся сторожем	B	B: счёт доказанных мест — значение (flang/self/types.flang:6570-6575, «Итог проверки», поле «доказаны»); для «элемент/символ/подстрока» нужно вывести наружу ещё «доказаныАнализом» — заслон печати flang/self/types.flang:6606-6620 обнуляет их
flang/test/index-bounds.test.mjs:584	ПОДДЕЛКА «чужой контейнер»: `длина др`, а берётся из `эл`	B	B: счёт доказанных мест — значение (flang/self/types.flang:6570-6575, «Итог проверки», поле «доказаны»); для «элемент/символ/подстрока» нужно вывести наружу ещё «доказаныАнализом» — заслон печати flang/self/types.flang:6606-6620 обнуляет их
flang/test/index-bounds.test.mjs:594	ПОДДЕЛКА «арифметика»: `(длина эл) минус 1` НЕ доказывает `элемент`	B	B: счёт доказанных мест — значение (flang/self/types.flang:6570-6575, «Итог проверки», поле «доказаны»); для «элемент/символ/подстрока» нужно вывести наружу ещё «доказаныАнализом» — заслон печати flang/self/types.flang:6606-6620 обнуляет их
flang/test/index-bounds.test.mjs:610	ПОДДЕЛКА «чужая база»: та же запись при базе 0 НЕ доказана	B	B: база — свойство программы и на flang (flang/self/types.flang:6689-6693, «База номера программы», умолчание 1); счёт мест — как выше, через «доказаныАнализом»
flang/test/index-bounds.test.mjs:624	ПОДДЕЛКА «выражение вместо имени»: `длина (добавить …)` имени не даёт	B	B: счёт доказанных мест — значение (flang/self/types.flang:6570-6575, «Итог проверки», поле «доказаны»); для «элемент/символ/подстрока» нужно вывести наружу ещё «доказаныАнализом» — заслон печати flang/self/types.flang:6606-6620 обнуляет их
flang/test/index-bounds.test.mjs:655	`подстрока т с 1 по (длина т)` доказана БЕЗ непустоты — и это верно	B	B: счёт доказанных мест — значение (flang/self/types.flang:6570-6575, «Итог проверки», поле «доказаны»); для «элемент/символ/подстрока» нужно вывести наружу ещё «доказаныАнализом» — заслон печати flang/self/types.flang:6606-6620 обнуляет их
flang/test/index-bounds.test.mjs:663	та же запись при базе 0 НЕ доказана: четвёртый факт теряет базу	B	B: база — свойство программы и на flang (flang/self/types.flang:6689-6693, «База номера программы», умолчание 1); счёт мест — как выше, через «доказаныАнализом»
flang/test/index-bounds.test.mjs:672	`подстрока т с 2 по (длина т)` требует непустоты — и получает её от `требует`	B	B: счёт доказанных мест — значение (flang/self/types.flang:6570-6575, «Итог проверки», поле «доказаны»); для «элемент/символ/подстрока» нужно вывести наружу ещё «доказаныАнализом» — заслон печати flang/self/types.flang:6606-6620 обнуляет их
flang/test/index-bounds.test.mjs:683	ПОДДЕЛКА «пустая не отвергнута»: та же запись без непустоты остаётся сторожем	B	B: счёт доказанных мест — значение (flang/self/types.flang:6570-6575, «Итог проверки», поле «доказаны»); для «элемент/символ/подстрока» нужно вывести наружу ещё «доказаныАнализом» — заслон печати flang/self/types.flang:6606-6620 обнуляет их
flang/test/index-bounds.test.mjs:689	ПОДДЕЛКА «чужое имя»: `подстрока т с 1 по (длина др)`	B	B: счёт доказанных мест — значение (flang/self/types.flang:6570-6575, «Итог проверки», поле «доказаны»); для «элемент/символ/подстрока» нужно вывести наружу ещё «доказаныАнализом» — заслон печати flang/self/types.flang:6606-6620 обнуляет их
flang/test/index-bounds.test.mjs:694	ПОДДЕЛКА «чужое имя» при базе 0 — тоже отвергнута	B	B: база — свойство программы и на flang (flang/self/types.flang:6689-6693, «База номера программы», умолчание 1); счёт мест — как выше, через «доказаныАнализом»
flang/test/index-bounds.test.mjs:702	ПОДДЕЛКА «конец без верха»: `подстрока т с 1 по н` при любом `н: нат`	B	B: счёт доказанных мест — значение (flang/self/types.flang:6570-6575, «Итог проверки», поле «доказаны»); для «элемент/символ/подстрока» нужно вывести наружу ещё «доказаныАнализом» — заслон печати flang/self/types.flang:6606-6620 обнуляет их
flang/test/index-bounds.test.mjs:708	ПОДДЕЛКА «отрезок вывернут»: `подстрока т с 3 по 1`	B	B: счёт доказанных мест — значение (flang/self/types.flang:6570-6575, «Итог проверки», поле «доказаны»); для «элемент/символ/подстрока» нужно вывести наружу ещё «доказаныАнализом» — заслон печати flang/self/types.flang:6606-6620 обнуляет их
flang/test/index-bounds.test.mjs:722	ПОДДЕЛКА «А ≤ Б между двумя именами»: `подстрока т с нач по кон` не доказана	B	B: счёт доказанных мест — значение (flang/self/types.flang:6570-6575, «Итог проверки», поле «доказаны»); для «элемент/символ/подстрока» нужно вывести наружу ещё «доказаныАнализом» — заслон печати flang/self/types.flang:6606-6620 обнуляет их
flang/test/index-bounds.test.mjs:737	`подстрока т с нач по нач` доказана равенством ИСТОЧНИКА, а не чисел	B	B: счёт доказанных мест — значение (flang/self/types.flang:6570-6575, «Итог проверки», поле «доказаны»); для «элемент/символ/подстрока» нужно вывести наружу ещё «доказаныАнализом» — заслон печати flang/self/types.flang:6606-6620 обнуляет их
flang/test/index-bounds.test.mjs:750	`подстрока т с (длина т) по (длина т)` — тот же источник у ВСТРОЕННОЙ формы	B	B: счёт доказанных мест — значение (flang/self/types.flang:6570-6575, «Итог проверки», поле «доказаны»); для «элемент/символ/подстрока» нужно вывести наружу ещё «доказаныАнализом» — заслон печати flang/self/types.flang:6606-6620 обнуляет их
flang/test/index-bounds.test.mjs:761	ПОДДЕЛКА «источник только похож»: `с (длина т) по (длина др)`	B	B: счёт доказанных мест — значение (flang/self/types.flang:6570-6575, «Итог проверки», поле «доказаны»); для «элемент/символ/подстрока» нужно вывести наружу ещё «доказаныАнализом» — заслон печати flang/self/types.flang:6606-6620 обнуляет их
flang/test/index-bounds.test.mjs:771	ПОДДЕЛКА «NaN»: `подстрока т с (0 делить на 0) по (0 делить на 0)`	B	B: утверждение — значение, но `0 делить на 0` сегодня сам отвергается кодом FLANG_NOT_A_NUMBER, поэтому программу примера придётся писать иначе
flang/test/index-bounds.test.mjs:778	ПОДДЕЛКА «дробный номер»: `подстрока т с 1.5 по 1.5` тем же заслоном	B	B: счёт доказанных мест — значение (flang/self/types.flang:6570-6575, «Итог проверки», поле «доказаны»); для «элемент/символ/подстрока» нужно вывести наружу ещё «доказаныАнализом» — заслон печати flang/self/types.flang:6606-6620 обнуляет их
flang/test/index-bounds.test.mjs:786	`подстрока т с 1 по ((длина т) минус 1)` доказана: нестрогое стало строгим	B	B: счёт доказанных мест — значение (flang/self/types.flang:6570-6575, «Итог проверки», поле «доказаны»); для «элемент/символ/подстрока» нужно вывести наружу ещё «доказаныАнализом» — заслон печати flang/self/types.flang:6606-6620 обнуляет их
flang/test/index-bounds.test.mjs:799	ПОДДЕЛКА «чужое имя под вычитанием»: `((длина др) минус 1)`	B	B: счёт доказанных мест — значение (flang/self/types.flang:6570-6575, «Итог проверки», поле «доказаны»); для «элемент/символ/подстрока» нужно вывести наружу ещё «доказаныАнализом» — заслон печати flang/self/types.flang:6606-6620 обнуляет их
flang/test/index-bounds.test.mjs:809	ПОДДЕЛКА «сложение»: `((длина т) плюс 1)` знания не несёт	B	B: счёт доказанных мест — значение (flang/self/types.flang:6570-6575, «Итог проверки», поле «доказаны»); для «элемент/символ/подстрока» нужно вывести наружу ещё «доказаныАнализом» — заслон печати flang/self/types.flang:6606-6620 обнуляет их
flang/test/index-bounds.test.mjs:821	ПОТЕРЯ «вычитание нуля»: `((длина т) минус 0)` знания не проносит	B	B: счёт доказанных мест — значение (flang/self/types.flang:6570-6575, «Итог проверки», поле «доказаны»); для «элемент/символ/подстрока» нужно вывести наружу ещё «доказаныАнализом» — заслон печати flang/self/types.flang:6606-6620 обнуляет их
flang/test/index-bounds.test.mjs:833	ПОДДЕЛКА «вычитание из чужого»: `(н минус 1)` без знания об имени	B	B: счёт доказанных мест — значение (flang/self/types.flang:6570-6575, «Итог проверки», поле «доказаны»); для «элемент/символ/подстрока» нужно вывести наружу ещё «доказаныАнализом» — заслон печати flang/self/types.flang:6606-6620 обнуляет их
flang/test/index-bounds.test.mjs:839	ЗАСЛОН: доказанная `подстрока` НЕ получает отметки — свод не сдвинется	B	B: половина держится (flang/test/self-types.test.mjs:423 «подстрока» не снимается, ждём 0); половина «анализ доказал» требует поля «доказаныАнализом»
flang/test/index-bounds.test.mjs:849	`подстрока` — частичная форма, и список этого не забыл	A1	A1: flang/self/failures.flang:231-233 («Имена частичных форм» содержит «подстрока»); пример на функции — :226-228, он пинует «элемент»
flang/test/index-bounds.test.mjs:879	СЕТКА: на 968 входах доказанное безопасно, а безопасное доказано	B	B: обе стороны — значения («Проверить типы» flang/self/types.flang:6723 и «Форма подстрока при вычислении» flang/self/interpret.flang:3074, вариант «Отказ формы»); 968 строк на полную проверку типов — самый дорогой перенос всего набора
flang/test/index-bounds.test.mjs:961	сторож целости открывает класс: `число` со сторожем доказывается как `нат`	A2	A2: flang/test/self-types.test.mjs:1045-1058 (ПАРА_НОМЕРА[0]) + прогон :1204-1211
flang/test/index-bounds.test.mjs:969	ПОДДЕЛКА — чужое имя: сторож про одно число, номер другое	B	B: счёт доказанных мест — значение (flang/self/types.flang:6570-6575, «Итог проверки», поле «доказаны»); для «элемент/символ/подстрока» нужно вывести наружу ещё «доказаныАнализом» — заслон печати flang/self/types.flang:6606-6620 обнуляет их
flang/test/index-bounds.test.mjs:983	ПОДДЕЛКА — перевёрнутое сравнение: остаток от ДВУХ, а не от единицы	A2	A2: flang/test/self-types.test.mjs:1073-1086 (ПАРА_НОМЕРА[2]) + прогон :1216-1220
flang/test/index-bounds.test.mjs:991	ПОДДЕЛКА — другое правое число: остаток сравнивается с единицей	B	B: счёт доказанных мест — значение (flang/self/types.flang:6570-6575, «Итог проверки», поле «доказаны»); для «элемент/символ/подстрока» нужно вывести наружу ещё «доказаныАнализом» — заслон печати flang/self/types.flang:6606-6620 обнуляет их
flang/test/index-bounds.test.mjs:999	ПОДДЕЛКА — потолок ниоткуда: сторож целости без связи с длиной	A2	A2: flang/test/self-types.test.mjs:1059-1072 (ПАРА_НОМЕРА[1]) + прогон :1211-1215
flang/test/index-bounds.test.mjs:1018	ПОДДЕЛКА — цель на не-числе: сторож не спасает `0 делить на 0`	B	B: счёт доказанных мест — значение (flang/self/types.flang:6570-6575, «Итог проверки», поле «доказаны»); для «элемент/символ/подстрока» нужно вывести наружу ещё «доказаныАнализом» — заслон печати flang/self/types.flang:6606-6620 обнуляет их
flang/test/index-bounds.test.mjs:1032	ПОДДЕЛКА — ветвь `иначе`: отказ сторожа целости не говорит ничего	B	B: счёт доказанных мест — значение (flang/self/types.flang:6570-6575, «Итог проверки», поле «доказаны»); для «элемент/символ/подстрока» нужно вывести наружу ещё «доказаныАнализом» — заслон печати flang/self/types.flang:6606-6620 обнуляет их
flang/test/index-bounds.test.mjs:1061	СЧЁТНАЯ УЛИКА ПРАВИЛА: `(−0 остаток от 1) равен 0` ложно, и это ВЫЧИСЛЕНО	B	B: `(х остаток от 1) равен 0` пишется на flang дословно (`равен` — это Object.is); NaN и ±бесконечность в примере придётся получать выражением, а не литералом
flang/test/index-bounds.test.mjs:1097	Ф4 через вычитание: `подстрока X с (Е минус к) по Е` доказывается	B	B: счёт доказанных мест — значение (flang/self/types.flang:6570-6575, «Итог проверки», поле «доказаны»); для «элемент/символ/подстрока» нужно вывести наружу ещё «доказаныАнализом» — заслон печати flang/self/types.flang:6606-6620 обнуляет их
flang/test/index-bounds.test.mjs:1107	ПОДДЕЛКА — вычет из ДРУГОГО источника: конец не тот, из чего вычитали	B	B: счёт доказанных мест — значение (flang/self/types.flang:6570-6575, «Итог проверки», поле «доказаны»); для «элемент/символ/подстрока» нужно вывести наружу ещё «доказаныАнализом» — заслон печати flang/self/types.flang:6606-6620 обнуляет их
flang/test/index-bounds.test.mjs:1123	ПОДДЕЛКА — вычет НЕ литералом: выражение справа не читается	B	B: счёт доказанных мест — значение (flang/self/types.flang:6570-6575, «Итог проверки», поле «доказаны»); для «элемент/символ/подстрока» нужно вывести наружу ещё «доказаныАнализом» — заслон печати flang/self/types.flang:6606-6620 обнуляет их
flang/test/index-bounds.test.mjs:1134	ПОДДЕЛКА — сложение вместо вычитания: `Е плюс к` не меньше `Е`	B	B: счёт доказанных мест — значение (flang/self/types.flang:6570-6575, «Итог проверки», поле «доказаны»); для «элемент/символ/подстрока» нужно вывести наружу ещё «доказаныАнализом» — заслон печати flang/self/types.flang:6606-6620 обнуляет их
flang/test/index-bounds.test.mjs:1144	ПОДДЕЛКА — цель на не-числе: вычет не спасает `0 делить на 0`	B	B: утверждение — значение, но `0 делить на 0` сегодня сам отвергается кодом FLANG_NOT_A_NUMBER, поэтому программу примера придётся писать иначе
flang/test/index-bounds.test.mjs:1152	приставка даёт нижнюю длину: `начинается с` в ветви `то`	A2	A2: flang/test/self-types.test.mjs:430 (ПРАВИЛА «приставка даёт длину», 1) + прогон :438
flang/test/index-bounds.test.mjs:1166	ПОДДЕЛКА — ветвь `иначе` у приставки: отказ про длину не говорит ничего	A2	A2: flang/test/self-types.test.mjs:432 (ПРАВИЛА «приставка в ветви `иначе` длины не даёт», 0) + прогон :438
flang/test/index-bounds.test.mjs:1180	ПОДДЕЛКА — чужая форма: `содержит` длины не даёт	A2	A2: flang/test/self-types.test.mjs:434 (ПРАВИЛА «содержит» длины не даёт, 0) + прогон :438
flang/test/index-bounds.test.mjs:1194	ПОДДЕЛКА — приставка НЕ литералом: имя вместо строки не читается	B	B: счёт доказанных мест — значение (flang/self/types.flang:6570-6575, «Итог проверки», поле «доказаны»); для «элемент/символ/подстрока» нужно вывести наружу ещё «доказаныАнализом» — заслон печати flang/self/types.flang:6606-6620 обнуляет их
flang/test/index-bounds.test.mjs:1208	СЧЁТНАЯ УЛИКА: длина приставки считается СИМВОЛАМИ, а не единицами кода	B	B: «длина считает кодовые точки» уже держится ведомостью flang/проверки/ведомость.txt:3 («длина: эмодзи — одна точка»); счёт доказанных мест — как у прочих
flang/test/index-bounds.test.mjs:1246	правило берёт: `пусть размер равно длина т` и `если размер равен 0`	A2	A2: flang/test/self-types.test.mjs:1100-1114 (ПАРА_НОМЕРА[3]) + прогон :1229-1235
flang/test/index-bounds.test.mjs:1264	та же запись словом `не равен` в ветви `то`	A2	A2: flang/test/self-types.test.mjs:1115-1128 (ПАРА_НОМЕРА[4]) + прогон :1229-1235
flang/test/index-bounds.test.mjs:1278	ПОДДЕЛКА «нат вместо доказанного знака»: `нат` минус ноль НЕ исключает	A2	A2: flang/test/self-types.test.mjs:1129-1142 (ПАРА_НОМЕРА[5]) + прогон :1236-1241
flang/test/index-bounds.test.mjs:1299	ПОДДЕЛКА «поле из приведения строки»: `к числу "-0"` даёт именно минус ноль	A2	A2: flang/test/self-types.test.mjs:1158-1172 (ПАРА_НОМЕРА[7]) + прогон :1236-1241
flang/test/index-bounds.test.mjs:1317	ПОДДЕЛКА «поле переживает арифметику»: `0 умножить на (0 минус 1)` даёт минус ноль	A2	A2: flang/test/self-types.test.mjs:1143-1157 (ПАРА_НОМЕРА[6]) + прогон :1236-1241
flang/test/index-bounds.test.mjs:1336	ПОДДЕЛКА «нецелое дно»: у `число` отрезка нет вовсе, и 0.5 меньше единицы	B	B: счёт доказанных мест — значение (flang/self/types.flang:6570-6575, «Итог проверки», поле «доказаны»); для «элемент/символ/подстрока» нужно вывести наружу ещё «доказаныАнализом» — заслон печати flang/self/types.flang:6606-6620 обнуляет их
flang/test/index-bounds.test.mjs:1349	ПОДДЕЛКА «другое сравнение»: `равен 1` дном не является	B	B: счёт доказанных мест — значение (flang/self/types.flang:6570-6575, «Итог проверки», поле «доказаны»); для «элемент/символ/подстрока» нужно вывести наружу ещё «доказаныАнализом» — заслон печати flang/self/types.flang:6606-6620 обнуляет их
flang/test/index-bounds.test.mjs:1363	ПОДДЕЛКА «чужая ветвь»: знание живёт в `иначе`, а не в `то`	A2	A2: flang/test/self-types.test.mjs:1173-1187 (ПАРА_НОМЕРА[8]) + прогон :1236-1241
flang/test/index-bounds.test.mjs:1378	ПОДДЕЛКА «другое имя»: условие про `первый`, а номер берётся у `второй`	B	B: счёт доказанных мест — значение (flang/self/types.flang:6570-6575, «Итог проверки», поле «доказаны»); для «элемент/символ/подстрока» нужно вывести наружу ещё «доказаныАнализом» — заслон печати flang/self/types.flang:6606-6620 обнуляет их
flang/test/infinity.test.mjs:65	УЛИКА: сложение на [0, +∞] замкнуто — NaN недостижим ни на одной паре	B	B: числа flang — те же IEEE-754 double, бесконечность пишется `1 делить на 0` (flang/test/infinity.test.mjs:220), минимум — `если а не больше б то а иначе б`; всё это значения примера
flang/test/infinity.test.mjs:71	УЛИКА: минимум и максимум на [0, +∞] замкнуты	B	B: числа flang — те же IEEE-754 double, бесконечность пишется `1 делить на 0` (flang/test/infinity.test.mjs:220), минимум — `если а не больше б то а иначе б`; всё это значения примера
flang/test/infinity.test.mjs:80	УЛИКА: вычитание, умножение и деление из отрезка ВЫВОДЯТ, и каждое своей парой	B	B: «не число» ловится на flang как `х равен х` даёт нет; сами тройки — значения, но литералом NaN не записать
flang/test/infinity.test.mjs:95	УЛИКА: заказанное «сложение ассоциативно» ЛОЖНО, и контрпример вычислен	B	B: числа flang — те же IEEE-754 double, бесконечность пишется `1 делить на 0` (flang/test/infinity.test.mjs:220), минимум — `если а не больше б то а иначе б`; всё это значения примера
flang/test/infinity.test.mjs:105	УЛИКА: убрать вычитание — значит убрать NaN, а не округление	B	B: тот же счёт значением; 2197 троек внутри одного примера — выразимо, но дорого по шагам
flang/test/infinity.test.mjs:116	УЛИКА: минимум и максимум ассоциативны ТОЧНО — нарушений ноль	B	B: числа flang — те же IEEE-754 double, бесконечность пишется `1 делить на 0` (flang/test/infinity.test.mjs:220), минимум — `если а не больше б то а иначе б`; всё это значения примера
flang/test/infinity.test.mjs:127	УЛИКА: единицы обоих моноидов лежат ВНУТРИ отрезка	B	B: числа flang — те же IEEE-754 double, бесконечность пишется `1 делить на 0` (flang/test/infinity.test.mjs:220), минимум — `если а не больше б то а иначе б`; всё это значения примера
flang/test/infinity.test.mjs:138	УЛИКА: сложение дистрибутивно над минимумом ТОЧНО — это и есть кратчайший путь	B	B: числа flang — те же IEEE-754 double, бесконечность пишется `1 делить на 0` (flang/test/infinity.test.mjs:220), минимум — `если а не больше б то а иначе б`; всё это значения примера
flang/test/infinity.test.mjs:161	ПОДДЕЛКА: `0 делить на 0` названа — до этой работы проходила без единой диагностики	B	B: отказ проверки типов приезжает значением; образец переноса — flang/self/otkazy-tipov.flang:13-30 («Код отказа типов», пример → "FLANG_TYPE")
flang/test/infinity.test.mjs:173	ПОДДЕЛКА: NaN не втекает в «вес» — ни телом, ни через `число`	B	B: отказ проверки типов приезжает значением; образец переноса — flang/self/otkazy-tipov.flang:13-30 («Код отказа типов», пример → "FLANG_TYPE")
flang/test/infinity.test.mjs:200	ОТКАЗЫ: список закрыт, и разрешённое от запрещённого отличается по делимому	B	B: отказ проверки типов приезжает значением; образец переноса — flang/self/otkazy-tipov.flang:13-30 («Код отказа типов», пример → "FLANG_TYPE")
flang/test/infinity.test.mjs:229	ДРОБНАЯ стоимость годится в вес — иначе тип негоден для того, ради чего заведён	B	B: отказ проверки типов приезжает значением; образец переноса — flang/self/otkazy-tipov.flang:13-30 («Код отказа типов», пример → "FLANG_TYPE")
flang/test/infinity.test.mjs:255	ОТКАЗЫ: ни один не срабатывает на программе без слова «вес»	B	B: отказ проверки типов приезжает значением; образец переноса — flang/self/otkazy-tipov.flang:13-30 («Код отказа типов», пример → "FLANG_TYPE")
flang/test/infinity.test.mjs:269	ПОДДЕЛКА: сторожевое число весом не притворяется	B	B: отказ проверки типов приезжает значением; образец переноса — flang/self/otkazy-tipov.flang:13-30 («Код отказа типов», пример → "FLANG_TYPE")
flang/test/infinity.test.mjs:282	носитель моноида читается по имени уточнения — до этой работы не читался ни один	B	B: отказ проверки типов приезжает значением; образец переноса — flang/self/otkazy-tipov.flang:13-30 («Код отказа типов», пример → "FLANG_TYPE")
flang/test/infinity.test.mjs:323	ЗАКОН: моноид МИНИМУМА на весе СОБИРАЕТСЯ — законов не нарушает	B	B: сборка моноида есть на flang — flang/self/monoid.flang:682 (FLANG_MONOID_ASSOC с текстом контрпримера); диагностика приезжает значением
flang/test/infinity.test.mjs:332	ЗАКОН: моноид СЛОЖЕНИЯ на весе НЕ собирается — тот же контрпример, что на «число»	B	B: сборка моноида есть на flang — flang/self/monoid.flang:682 (FLANG_MONOID_ASSOC с текстом контрпримера); диагностика приезжает значением
flang/test/infinity.test.mjs:344	ЗАКОН: тот же моноид сложения на «число» отказывает ТЕМ ЖЕ образом	B	B: сборка моноида есть на flang — flang/self/monoid.flang:682 (FLANG_MONOID_ASSOC с текстом контрпримера); диагностика приезжает значением
flang/test/infinity.test.mjs:356	ЗАКОН: моноид МАКСИМУМА на весе собирается — единица 0 внутри типа	B	B: сборка моноида есть на flang — flang/self/monoid.flang:682 (FLANG_MONOID_ASSOC с текстом контрпримера); диагностика приезжает значением
flang/test/infinity.test.mjs:368	АКСИОМ У ЯДРА НОЛЬ — и заведение «вес» их не прибавило	D	D: `АКСИОМЫ` — константа модуля JavaScript (flang/src/proofterm.mjs:201, Object.freeze([])) и `Object.isFrozen` над ней; в flang/self/proof-kernel.flang списка аксиом нет вовсе. Свойство «аксиом ноль» держит поиск слова по исходнику — flang/test/self-proof-kernel.test.mjs:294, тоже на Node
flang/test/infinity.test.mjs:374	объявленный тип — источник ФАКТА, а не аксиома: список закрыт двумя именами	B	B: правило есть на flang — flang/self/proof-kernel.flang:3033-3036 («Названо весом») и :3039+ («Это тип с дном»), примеров у них нет; ближайшая сверка flang/test/self-proof-kernel.test.mjs:587 берёт только «нат», типа «вес» в её корпусе нет
flang/test/infinity.test.mjs:397	ИЗЪЯТИЕ: снимите факт из объявления — и то же тело перестаёт выводиться	B	B: правило есть на flang — flang/self/proof-kernel.flang:3033-3036 («Названо весом») и :3039+ («Это тип с дном»), примеров у них нет; ближайшая сверка flang/test/self-proof-kernel.test.mjs:587 берёт только «нат», типа «вес» в её корпусе нет
flang/test/infinity.test.mjs:416	ни одно имя веса не стало ключевым словом и не занято в корпусе	B	B: перечни имён есть на flang (flang/self/types.flang:2158, :2174), «слово не ключевое» пишется примером — образец flang/self/lexer.flang:1035-1037 (пример «Не ключевое слово» → "")
flang/test/infinity.test.mjs:427	ЗАМЕР: объявление «вес» делает доказуемыми 47 функций корпуса	C	C: `свод()` из flang/scripts/weight-gain.mjs обходит корпус по файловой системе и переобъявляет параметры — замер по дереву, а не утверждение об одной программе
flang/test/infinity.test.mjs:467	несуществующий носитель по-прежнему называется, а не проглатывается	B	B: отказ проверки типов приезжает значением; образец переноса — flang/self/otkazy-tipov.flang:13-30 («Код отказа типов», пример → "FLANG_TYPE")
flang/test/nonempty.test.mjs:66	голова литерала списка доказана: [1, 2, 3] длиной три	A2	A2: flang/test/self-types.test.mjs:382 (ПРАВИЛА, 1) + прогон :438
flang/test/nonempty.test.mjs:72	голова пустого литерала НЕ доказана: [] длиной ноль	A2	A2: flang/test/self-types.test.mjs:383 (ПРАВИЛА, 0) + прогон :438
flang/test/nonempty.test.mjs:80	голова «добавить» доказана при ЛЮБОМ списке, включая пустой	A2	A2: flang/test/self-types.test.mjs:384 (ПРАВИЛА, 1) + прогон :438
flang/test/nonempty.test.mjs:85	голова «разделить» доказана всегда: кусков не бывает ноль	A2	A2: flang/test/self-types.test.mjs:385 (ПРАВИЛА, 1) + прогон :438
flang/test/nonempty.test.mjs:93	разделитель-литерал доказывает «разделить», имя — нет	A2	A2: flang/test/self-types.test.mjs:386-388 (три строки ПРАВИЛА: 1, 0, 0) + прогон :438
flang/test/nonempty.test.mjs:102	длина считается кодовыми точками, как в рантайме	A2	A2: flang/test/self-types.test.mjs:389 (ПРАВИЛА, 1) + прогон :438
flang/test/nonempty.test.mjs:110	голова строки в разборе — строка РОВНО из одного символа	B	B: счёт доказанных мест — значение (flang/self/types.flang:6570-6575, поле «доказаны»); в таблице ПРАВИЛА flang/test/self-types.test.mjs:381-436 этой строки нет
flang/test/nonempty.test.mjs:122	хвост строки в разборе длины НЕ знает: он может оказаться пустым	B	B: счёт доказанных мест — значение (flang/self/types.flang:6570-6575, поле «доказаны»); в таблице ПРАВИЛА flang/test/self-types.test.mjs:381-436 этой строки нет
flang/test/nonempty.test.mjs:131	элемент списка «символы» — строка из одного символа, сколько его ни перекладывай	A2	A2: flang/test/self-types.test.mjs:390 (ПРАВИЛА, 1) + прогон :438
flang/test/nonempty.test.mjs:143	элемент обычного списка строк длины не знает	A2	A2: flang/test/self-types.test.mjs:391 (ПРАВИЛА, 0) + прогон :438
flang/test/nonempty.test.mjs:152	хвост укорачивает ровно на один: цепочка доказывается счётом, а не признаком	A2	A2: flang/test/self-types.test.mjs:392-393 (ПРАВИЛА, 3) + прогон :438
flang/test/nonempty.test.mjs:161	хвост слишком короткого НЕ доказан: четвёртого элемента нет	A2	A2: flang/test/self-types.test.mjs:394-395 (ПРАВИЛА, 3) + прогон :438
flang/test/nonempty.test.mjs:176	«если пусто» сужает в ветви ИНАЧЕ	A2	A2: flang/test/self-types.test.mjs:396-397 (ПРАВИЛА, 1) + прогон :438
flang/test/nonempty.test.mjs:183	«если пусто» в ветви ТО ничего не доказывает: там список как раз пуст	A2	A2: flang/test/self-types.test.mjs:398-399 (ПРАВИЛА, 0) + прогон :438
flang/test/nonempty.test.mjs:190	«не пусто» читается той же формой: собственного узла у отрицания нет	A2	A2: flang/test/self-types.test.mjs:400-401 (ПРАВИЛА, 1) + прогон :438
flang/test/nonempty.test.mjs:197	«и притом» доказывает обе половины в ветви ТО	A2	A2: flang/test/self-types.test.mjs:402-403 (ПРАВИЛА, 2) + прогон :438
flang/test/nonempty.test.mjs:204	«или» доказывает обе половины в ветви ИНАЧЕ, а в ветви ТО — ни одной	B	B: счёт доказанных мест — значение (flang/self/types.flang:6570-6575, поле «доказаны»); в таблице ПРАВИЛА flang/test/self-types.test.mjs:381-436 этой строки нет
flang/test/nonempty.test.mjs:215	сравнение длины с литералом кладёт границу всеми знаками	B	B: счёт доказанных мест — значение (flang/self/types.flang:6570-6575, поле «доказаны»); в таблице ПРАВИЛА flang/test/self-types.test.mjs:381-436 этой строки нет
flang/test/nonempty.test.mjs:234	сужение читает только ИМЯ: выражение под длиной границы не кладёт	A2	A2: flang/test/self-types.test.mjs:410-411 (ПРАВИЛА, 0) + прогон :438
flang/test/nonempty.test.mjs:250	ветви «если» сводятся МЕНЬШЕЙ длиной, а не первой попавшейся	A2	A2: flang/test/self-types.test.mjs:412-413 (ПРАВИЛА, 0) + прогон :438
flang/test/nonempty.test.mjs:259	обе ветви непусты — длина переживает развилку	A2	A2: flang/test/self-types.test.mjs:414-415 (ПРАВИЛА, 1) + прогон :438
flang/test/nonempty.test.mjs:267	накопитель свёртки теряет длину: на втором витке она уже другая	A2	A2: flang/test/self-types.test.mjs:416-417 (ПРАВИЛА, 0) + прогон :438
flang/test/nonempty.test.mjs:276	за границу функции длина не выходит: объявленный тип её не несёт	A2	A2: flang/test/self-types.test.mjs:418-419 (ПРАВИЛА, 0) + прогон :438
flang/test/nonempty.test.mjs:286	длина не переживает переобъявления имени в «пусть»	B	B: счёт доказанных мест — значение (flang/self/types.flang:6570-6575, поле «доказаны»); в таблице ПРАВИЛА flang/test/self-types.test.mjs:381-436 этой строки нет
flang/test/nonempty.test.mjs:293	«пусть» переносит доказанную длину на новое имя	A2	A2: flang/test/self-types.test.mjs:420-421 (ПРАВИЛА, 1) + прогон :438
flang/test/nonempty.test.mjs:313	доказанное место печатается помощником БЕЗ сторожа, недоказанное — со сторожем	B	B: помощник без сторожа печатается и эталоном — flang/self/emit-js.flang:1568-1575 («Текст b_golova_dokazano»); счёт вызовов в напечатанном тексте пишется примером
flang/test/nonempty.test.mjs:325	помощник без сторожа отказа частичности не содержит вовсе	B	B: помощник без сторожа печатается и эталоном — flang/self/emit-js.flang:1568-1575 («Текст b_golova_dokazano»); счёт вызовов в напечатанном тексте пишется примером
flang/test/nonempty.test.mjs:336	отметка невидима там, где доказывать нечего: тот же объект программы	D	D: `assert.equal(markProven(без), без)` — тождество ОБЪЕКТА JavaScript (flang/src/types.mjs, markProven возвращает тот же объект); у эталона узлов нет вовсе, у него значение JSON, и сравнивать нечему
flang/test/nonempty.test.mjs:350	доказанное место даёт ТОТ ЖЕ ответ, что интерпретатор	B	B: `пример` и есть ровно эта сверка — значение функции на данном входе
flang/test/nonempty.test.mjs:364	список снимаемых форм — подмножество закрытого списка частичных	B	B: оба перечня есть на flang — flang/self/types.flang:6606-6611 («Снимается непустотой») и flang/self/failures.flang:231-233 («Имена частичных форм»); примера на их согласие нет
flang/test/nonempty.test.mjs:371	формы, требующие ДВУСТОРОННЕЙ границы, не снимаются даже на литералах	A2	A2: flang/test/self-types.test.mjs:422-423 (ПРАВИЛА «элемент» 0 и «подстрока» 0) + прогон :438; третья форма, `символ 1 в "абв"`, там не стоит
flang/test/nonempty.test.mjs:388	«к числу» не снимается никогда: частичность у неё неустранима	A2	A2: flang/test/self-types.test.mjs:424 (ПРАВИЛА «к числу» не снимается, 0) + прогон :438
flang/test/nat.test.mjs:36	ни одно имя уточнения не стало ключевым словом	B	B: перечни имён есть на flang (flang/self/types.flang:2158, :2174), «слово не ключевое» пишется примером — образец flang/self/lexer.flang:1035-1037 (пример «Не ключевое слово» → "")
flang/test/nat.test.mjs:50	имена типа не стали ключевыми словами: лексер и парсер не изменились	B	B: вид узла типа приезжает значением — flang/self/types.flang:2147-2190 («Скаляр по имени»); частично держит побайтовая сверка AST flang/test/self-parser.test.mjs:223 (в корпусе flang/stdlib есть `: нат`)
flang/test/nat.test.mjs:63	натуральное втекает в число: `нат` годится там, где объявлено `число`	B	B: отказ проверки типов приезжает значением; образец переноса — flang/self/otkazy-tipov.flang:13-30 («Код отказа типов», пример → "FLANG_TYPE")
flang/test/nat.test.mjs:72	число в натуральное НЕ втекает: обратного вложения нет	B	B: отказ проверки типов приезжает значением; образец переноса — flang/self/otkazy-tipov.flang:13-30 («Код отказа типов», пример → "FLANG_TYPE")
flang/test/nat.test.mjs:82	целое между ними: нат ≤ целое ≤ число, и ни одно вложение не обратимо	B	B: отказ проверки типов приезжает значением; образец переноса — flang/self/otkazy-tipov.flang:13-30 («Код отказа типов», пример → "FLANG_TYPE")
flang/test/nat.test.mjs:98	список ковариантен: `список нат` годится там, где ждут `список числа`	B	B: отказ проверки типов приезжает значением; образец переноса — flang/self/otkazy-tipov.flang:13-30 («Код отказа типов», пример → "FLANG_TYPE")
flang/test/nat.test.mjs:111	целый литерал знает себя точно и годится в натуральное	B	B: отказ проверки типов приезжает значением; образец переноса — flang/self/otkazy-tipov.flang:13-30 («Код отказа типов», пример → "FLANG_TYPE")
flang/test/nat.test.mjs:119	отрицательный и дробный литералы в натуральное не годятся	B	B: отказ проверки типов приезжает значением; образец переноса — flang/self/otkazy-tipov.flang:13-30 («Код отказа типов», пример → "FLANG_TYPE")
flang/test/nat.test.mjs:129	условие `если` кладёт границу: число становится натуральным в одной ветви	B	B: отказ проверки типов приезжает значением; образец переноса — flang/self/otkazy-tipov.flang:13-30 («Код отказа типов», пример → "FLANG_TYPE")
flang/test/nat.test.mjs:139	та же граница в другой ветви натуральным НЕ делает	B	B: отказ проверки типов приезжает значением; образец переноса — flang/self/otkazy-tipov.flang:13-30 («Код отказа типов», пример → "FLANG_TYPE")
flang/test/nat.test.mjs:149	строгая граница у целого сильнее на единицу	B	B: отказ проверки типов приезжает значением; образец переноса — flang/self/otkazy-tipov.flang:13-30 («Код отказа типов», пример → "FLANG_TYPE")
flang/test/nat.test.mjs:161	переполнение расширяет тип, а не отказывает: `нат плюс нат` это `число`	B	B: отказ проверки типов приезжает значением; образец переноса — flang/self/otkazy-tipov.flang:13-30 («Код отказа типов», пример → "FLANG_TYPE")
flang/test/nat.test.mjs:177	разность натуральных точна, но знака не сохраняет: это `целое`	B	B: отказ проверки типов приезжает значением; образец переноса — flang/self/otkazy-tipov.flang:13-30 («Код отказа типов», пример → "FLANG_TYPE")
flang/test/nat.test.mjs:190	`длина` натуральна: уточнение попадает туда, где не написано	B	B: отказ проверки типов приезжает значением; образец переноса — flang/self/otkazy-tipov.flang:13-30 («Код отказа типов», пример → "FLANG_TYPE")
flang/test/nat.test.mjs:197	`делить` натурального не даёт — и это решение, а не недосмотр	B	B: отказ проверки типов приезжает значением; образец переноса — flang/self/otkazy-tipov.flang:13-30 («Код отказа типов», пример → "FLANG_TYPE")
flang/test/nat.test.mjs:204	значение примера сверяется с отрезком по самому числу	B	B: отказ проверки типов приезжает значением; образец переноса — flang/self/otkazy-tipov.flang:13-30 («Код отказа типов», пример → "FLANG_TYPE")
flang/test/nat.test.mjs:213	накопитель свёртки не уточняется, и это названное ограничение	B	B: отказ проверки типов приезжает значением; образец переноса — flang/self/otkazy-tipov.flang:13-30 («Код отказа типов», пример → "FLANG_TYPE")
flang/test/nat.test.mjs:234	объявленный `нат` снимает сторожа с постоянного шага	B	B: счёт сторожей и точных мер — значение (flang/self/totality.flang:364-370, «Итог тотальности»: «тотальные», «меры», «точные»); образец — flang/self/otkazy-totalnosti.flang:42-64
flang/test/nat.test.mjs:253	дробный шаг на натуральном сторожа не снимает	B	B: счёт сторожей и точных мер — значение (flang/self/totality.flang:364-370, «Итог тотальности»: «тотальные», «меры», «точные»); образец — flang/self/otkazy-totalnosti.flang:42-64
flang/test/nat.test.mjs:264	псевдоним натурального работает как натуральное	B	B: счёт сторожей и точных мер — значение (flang/self/totality.flang:364-370, «Итог тотальности»: «тотальные», «меры», «точные»); образец — flang/self/otkazy-totalnosti.flang:42-64
flang/test/nat.test.mjs:274	структурное убывание сильнее и побеждает: натуральное его не перебивает	B	B: счёт сторожей и точных мер — значение (flang/self/totality.flang:364-370, «Итог тотальности»: «тотальные», «меры», «точные»); образец — flang/self/otkazy-totalnosti.flang:42-64
flang/test/nat.test.mjs:289	списки имён натурального в типизаторе и в анализе завершаемости совпадают	B	B: оба перечня есть на flang и так же разведены по двум слоям — flang/self/types.flang:2158 и flang/self/totality.flang:1903-1905 («Точные имена типа»); примера на их согласие нет
flang/test/nat.test.mjs:305	границы точной сетки — те самые, что мерены на double	A1	A1: flang/self/types.flang:173-181 («Потолок точных», пример «последнее точное целое» → 9007199254740991, плюс обеспечивает «до потолка сложение точно» и «за потолком единица теряется») и :199-205 («Дно точных», пример «оно же со знаком минус» → -9007199254740991)
flang/test/nat.test.mjs:315	имена целого не пусты и не пересекаются с именами натурального	B	B: оба перечня есть на flang и так же разведены по двум слоям — flang/self/types.flang:2158 и flang/self/totality.flang:1903-1905 («Точные имена типа»); примера на их согласие нет
flang/test/nat.test.mjs:320	оба уточнения печатаются теми же словами, какими пишутся в объявлении	A1	A1: flang/self/types.flang:1083-1095 («Числовое имя», примеры «Отрезок от нуля — натуральное» → "нат" и «Отрезок с минусом — целое» → "целое"); два утверждения из четырёх — «число» и «список нат» примером не закреплены
flang/test/index-base-word.test.mjs:90	две базы — ДВА разных ответа, и обе программы валидны	B	B: программа с `элемент начиная с 0` и примером — прямая запись; но flang/self/interpret.flang базы не читает вовсе (жёстко `индекс не меньше 1`, :3074-3080), так что примера сегодня не хватит
flang/test/index-base-word.test.mjs:103	объявление доезжает до ДОКАЗАТЕЛЬСТВА, и в обе стороны	B	B: база — свойство программы и на flang (flang/self/types.flang:6689-6693, «База номера программы», умолчание 1); счёт мест — как выше, через «доказаныАнализом»
flang/test/index-base-word.test.mjs:119	молчание значит единицу — и в вычислении, и в доказательстве	B	B: программа с `элемент начиная с 0` и примером — прямая запись; но flang/self/interpret.flang базы не читает вовсе (жёстко `индекс не меньше 1`, :3074-3080), так что примера сегодня не хватит
flang/test/index-base-word.test.mjs:125	у программы без объявления ключа `базаНомера` в AST НЕТ вовсе	A2	A2: flang/test/self-parser.test.mjs:874-875 + прогон :886 (побайтовая сверка AST обеих объявивших программ, порядок ключей = байты) и :223 (весь корпус — ни один файл базы не объявляет, ключа в AST нет)
flang/test/index-base-word.test.mjs:142	ПОБАЙТОВО: объявленная единица печатается как молчание — во все восемь целей	C	C: цели печати берутся РЕЕСТРОМ каталога flang/src/emit/*.mjs (`emitTargets`), а восемь эталонов flang/self/emit-*.flang базу ПРОГРАММЫ не читают вовсе — они читают ключ («настройки».«база», flang/self/emit-js.flang:2100)
flang/test/index-base-word.test.mjs:166	одно объявление на всех четырёх поверхностях — и число одно	A2	A2: flang/test/self-parser.test.mjs:881-883 + прогон :886 (те же три нерусские программы, побайтово)
flang/test/index-base-word.test.mjs:186	ПОДДЕЛКА ТРЕТЬЕЙ БАЗОЙ: `элемент начиная с 2` отвергнуто названным кодом	A2	A2: flang/test/self-parser.test.mjs:876 + прогон :886 (сверяются код, сообщение и место); текст отказа — flang/self/parser.flang:4142
flang/test/index-base-word.test.mjs:195	ПОДДЕЛКА НЕ ЧИСЛОМ: `элемент начиная с "ноль"` отвергнуто там же	A2	A2: flang/test/self-parser.test.mjs:877 + прогон :886; текст отказа — flang/self/parser.flang:4142
flang/test/index-base-word.test.mjs:201	ПОДДЕЛКА ДВУМЯ ОБЪЯВЛЕНИЯМИ: порядок строк не вправе решать	A2	A2: flang/test/self-parser.test.mjs:879 + прогон :886; текст отказа — flang/self/parser.flang:4143. Вторая половина («дважды одним числом») в краевых не стоит
flang/test/index-base-word.test.mjs:212	ПОДДЕЛКА ПОЛОВИНОЙ ФРАЗЫ: `элемент 0` у левого края отвергнуто	A2	A2: flang/test/self-parser.test.mjs:878 + прогон :886; текст отказа — flang/self/parser.flang:4139
flang/test/index-base-word.test.mjs:218	ИЗЪЯТИЕ: `элемент` внутри тела остался выражением, а не объявлением	B	B: программа с `элемент начиная с 0` и примером — прямая запись; но flang/self/interpret.flang базы не читает вовсе (жёстко `индекс не меньше 1`, :3074-3080), так что примера сегодня не хватит
flang/test/index-base-word.test.mjs:230	объявление ПОБЕЖДАЕТ ключ `--index-base`, а не уступает ему молча	C	C: `--index-base` — ключ запуска, поверхности внутри языка у него нет; «объявление побеждает ключ» примером не выразить
interpret.test.mjs	узел literal даёт значение как есть	A1	flang/core/evaluate.flang:83-90 функция «Скаляр в текст», пример «…» на литералах; прогон примеров без Node — flang/проверки/обход-примеров.sh (4382 примера, 343 файла)
interpret.test.mjs	узел var читает связанное имя, несвязанное — FLANG_UNKNOWN_NAME	A2	flang/test/self-interpret.test.mjs:604 сломанная «имя не связано» (код, текст и витки сверены); положительная половина — flang/core/evaluate.flang:211-220
interpret.test.mjs	узел field читает поле записи	A1	flang/core/evaluate.flang:187-195 «Число скаляра», пример на строке 190 (чтение поля записи); отказы — self-interpret.test.mjs:726 «поле у не-записи», :840 «записи нет такого поля»
interpret.test.mjs	узел let связывает имя и допускает затенение	A1	flang/core/evaluate.flang:234-240 «Значение операнда», пример на строке 237 (тело на «пусть»)
interpret.test.mjs	узел if вычисляет только выбранную ветвь	A1	flang/stdlib/logic.flang:84-100 «Оба верны» + всякая рекурсивная функция с базой (flang/core/evaluate.flang:211): вычисляй «если» обе ветви — примеры не завершились бы
interpret.test.mjs	узел call применяет функцию, неизвестное имя — FLANG_UNKNOWN_NAME	A2	flang/test/self-interpret.test.mjs:1106 сломанные, «функция объявлена дважды» :639, «не задан аргумент» :629
interpret.test.mjs	аргументы вычисляются до вызова (строгая семантика)	A2	flang/test/self-interpret.test.mjs:13-18 (витки в витки: переставленный порядок вычисления аргументов даёт то же значение и другое число витков) + :508 корпус
interpret.test.mjs	узел binary: арифметика на double	A2	flang/test/self-interpret.test.mjs:508 корпус 127 программ, значение сверяется печатью в JSON и valuesEqual; отдельного примера на 0.1+0.2 и 1/0=+∞ в .flang нет
interpret.test.mjs	узел binary: сравнения повторяют compare() ядра	A2	flang/test/self-builtins.test.mjs:460-466 (17×17 пар + 14 особых) и :736 «порядок по строкам» в сломанных self-interpret
interpret.test.mjs	узел construct создаёт вариант суммы типов	A1	flang/core/evaluate.flang:83-107 «Скаляр в текст» (вариант «…» в теле), пример на строке 86; flang/stdlib/optional.flang:54-64
interpret.test.mjs	узел record создаёт запись	A1	flang/core/evaluate.flang:211-232 «Найти привязку» (запись «…» в теле), пример на строке 214
interpret.test.mjs	узел list вычисляет элементы слева направо	A1	flang/stdlib/lists.flang:93-100 «…» примеры «Пустой список»/«Три элемента»
interpret.test.mjs	узел builtin вызывает встроенную форму	A1	flang/проверки/встроенные-формы.flang:96-174 ведомость из 59 утверждений о формах, прогоняется двоичным без Node
interpret.test.mjs	узел fold сворачивает список	A1	flang/core/evaluate.flang:211-232 «Найти привязку» (свёртка), пример на строке 214; flang/core/evaluate.flang:526-534
interpret.test.mjs	узел map отображает список	A1	flang/core/lexer.flang:681-690 «Коды диагностик» (отобразить), пример на строке 684
interpret.test.mjs	узел filter отбирает элементы, и отброшенные дальше не вычисляются	A1	flang/core/lexer.flang:480-490 «Куски по пробелам» (отфильтровать), пример на строке 483; flang/core/json.flang:332-340
interpret.test.mjs	образец: вариант с привязкой полей	A1	flang/core/evaluate.flang:83-107 «Скаляр в текст» (разбор с привязкой полей варианта), пример на строке 86
interpret.test.mjs	образец: пусто и голова с хвостом	A1	flang/stdlib/lists.flang:93-100; flang/self/lexer.flang:1519-1530 «Длина до закрытия» (разбор пусто/голова и хвост) с двумя примерами
interpret.test.mjs	образец: литерал и любое	A1	flang/core/evaluate.flang:109-120 «Скаляры равны», пример на строке 112
interpret.test.mjs	образец: вложенные варианты разбираются вложенным разбором	A1	flang/core/evaluate.flang:166-186 «Скаляр это число», пример на строке 169; flang/stdlib/result.flang примеры
interpret.test.mjs	непокрытое значение — FLANG_MATCH_NOT_EXHAUSTIVE, а не undefined	A2	flang/test/self-interpret.test.mjs:746 сломанная «разбор не покрывает»; код в списке :1152
interpret.test.mjs	привязка к отсутствующему полю варианта — ошибка имени	A2	flang/test/self-interpret.test.mjs:647 сломанная «вариант не содержит поля образца» (FLANG_UNKNOWN_NAME)
interpret.test.mjs	рекурсия: длина списка	A1	flang/stdlib/lists.flang:93-100 «Длина»/«…» примеры; flang/core/evaluate.flang:211
interpret.test.mjs	рекурсия: обход дерева (сумма типов с рекурсивным полем)	A1	flang/stdlib/tree.flang (41 пример на рекурсивной сумме типов)
interpret.test.mjs	рекурсия: факториал	A1	examples/rosetta/factorial.flang:69-90 примеры «Пять факториал», «Десять факториал», «Ноль факториал»; examples/measure/natural.flang:65
interpret.test.mjs	рекурсия: взаимная	A2	flang/test/self-interpret.test.mjs:1198 «глубина вызовов возвращается на место: сто вызовов подряд при пределе 5» + сверка витков :508
interpret.test.mjs	хвостовая рекурсия идёт в постоянной глубине	A2	flang/test/self-interpret.test.mjs:1198 (та же проба); flang/self/interpret.flang:915-918 — тот же довод записан в эталоне
interpret.test.mjs	глубокая нехвостовая рекурсия не съедает стек JS	B	утверждение — равенство значений («Счёт» от 9000 = 9000, «Длина» от 1500 элементов = 1500): выражается функцией с примером; предмет «стек движка» исчезает, охрана явного стека остаётся нужной
interpret.test.mjs	зациклившаяся функция даёт FLANG_RECURSION_LIMIT, а не висит	A2	flang/test/self-interpret.test.mjs:1088 сломанная «зацикливание упирается в предел витков» (код, текст и витки); flang/self/interpret.flang:944-947 «Предел витков»
interpret.test.mjs	бесконечная нехвостовая рекурсия упирается в предел глубины	A2	flang/test/self-interpret.test.mjs:1093 сломанная «глубина вызовов кончается»; flang/self/interpret.flang:904-905
interpret.test.mjs	лимиты настраиваются и на рантайме, и на отдельном вызове	D	предмет — ключи maxSteps/maxDepth у createRuntime и у отдельного call и отказ на maxSteps:0; у эталона пределы приезжают доводами «Подготовить программу» (flang/self/interpret.flang:2109), отдельного вызова со своими пределами и проверки нуля там нет
interpret.test.mjs	createRuntime перечисляет функции и переиспользуется	D	предмет — runtime.listFunctions(): массив объектов JavaScript с полями name/total/params; такого вида у эталона нет
interpret.test.mjs	вычисление детерминировано и не портит входные данные	D	предмет — массив JavaScript, отданный хозяином внутрь вычислителя, не мутируется; без хозяина-JS проверять нечего
interpret.test.mjs	кривая программа отвергается с FLANG_PARSE	A2	flang/test/self-interpret.test.mjs:609 «неизвестный вид выражения», :634 «у функции нет тела», :668 «поле functions не список», :720 «неизвестная запись в конструкторе»
interpret.test.mjs	узлы со связыванием требуют имени	C	FLANG_PARSE: AST с let/map/filter/fold без имени связки. Парсер такого не породит, «пример» не выразит; в сломанных self-interpret этих четырёх нет (есть только «параметр без имени» :675)
interpret.test.mjs	ошибка несёт span узла, если он есть	C	FLANG_UNKNOWN_NAME: span доходит до диагностики (line/column, severity). Сломанные self-interpret сверяют код, текст и витки, но НЕ место
interpret.test.mjs	постусловие ловит нарушение и с кодом по умолчанию	A2	flang/test/self-interpret.test.mjs:900 «нарушенное постусловие: свой код и свой текст», :910 «нарушенное постусловие без кода и текста», :934 «постусловие без имени» (FLANG_PROPERTY)
interpret.test.mjs	накопление списка линейно, а витки при этом не двигаются ни на единицу	D	предмет — время на движке Node (пороги 30 000 мс и «удвоение не учетверяет») и счётчик витков рантайма на JavaScript; замер класса сложности
interpret.test.mjs	«добавить» за постоянное время не портит исходный список: ветвление и хвост	B	все утверждения — равенства списков ([[],[1],[2],[1,3],[1,4]] и т. д.); выражается функциями с примерами. Сегодня нигде больше не проверено: self-builtins.test.mjs:41-45 прямо отказывается («список с запасом — представление ВНУТРИ вычислителя на JavaScript, эталона на языке у него быть не может»)
interpret.test.mjs	приписывание в начало линейно, а витки при этом те же, что у дописывания	D	то же, что у «накопление списка линейно»: время на движке Node
interpret.test.mjs	«приписать» за постоянное время не портит исходный список: ветвление, хвост и оба конца	B	равенства списков, включая «Оба конца» одного буфера; выражается примерами. Тот же отказ self-builtins.test.mjs:41-45
interpret.test.mjs	если парсер уже есть — прогоняем его AST через вычислитель	D	предмет — динамический ввоз src/parser.mjs и src/types.mjs и их связка; две ветки t.skip и проглоченный catch (строки 1129, 1152, 1162)
interpret.test.mjs	исход прогона: четыре вида, и каждый достижим	A2	flang/self/interpret.flang:278-282 тип «Исход прогона» из четырёх вариантов; flang/test/self-interpret.test.mjs:1136 «сверка покрыла ВСЕ виды исхода»
interpret.test.mjs	бросающая граница — та же работа плюс бросок, а не второй счёт	D	предмет — тождество объекта-исключения JavaScript (тот же FlangError, тот же массив diagnostics); исключений в языке нет — self-builtins.test.mjs:45-47 говорит это прямо
interpret.test.mjs	разбор исхода без ветви на вид — ошибка сборки, а не тихое «ничего»	D	предмет — поИсходу() и код FLANG_UNCOVERED_OUTCOME (src/interpret.mjs:349-360): подпорка на JavaScript вместо разбора замкнутой суммы, который в языке делает сам «разбор»
interpret.test.mjs	предел прогона и предел процесса зовутся одним кодом — и это сверено	B	обе стороны уже на flang: flang/self/interpret.flang:2444-2448 «Код предела прогона» с примером и flang/self/failures.flang:169 «Вид предел»→FLANG_RECURSION_LIMIT; нужна третья функция со сравнением и примером
builtins.test.mjs	длина считает кодовые точки, а не единицы UTF-16	A1	flang/проверки/встроенные-формы.flang:99-102 (ведомость.txt строки 1-4)
builtins.test.mjs	длина работает и для списка	A1	flang/проверки/встроенные-формы.flang:103-104 (ведомость.txt строки 5-6)
builtins.test.mjs	длина отвергает не строку и не список	A2	FLANG_BUILTIN_ARGS; flang/test/self-builtins.test.mjs:307 ОСОБЫЕ «Отказ длины» на всех 17 значениях матрицы + арности :195
builtins.test.mjs	символ индексируется от единицы и знает кириллицу	A1	flang/проверки/встроенные-формы.flang:106-108 (ведомость.txt строки 7-9)
builtins.test.mjs	символ за границей строки — ошибка, а не undefined	A2	FLANG_BUILTIN_ARGS; flang/test/self-builtins.test.mjs:331 «Отказ номера символа» на 6 номерах × 2 основаниях, текст сверен побайтово
builtins.test.mjs	символ уважает нулевую базу индексов	A2	flang/test/self-builtins.test.mjs:452-459 «Основание индексации» при четырёх наборах ключей; в поверхности языка ключа indexBase нет (flang/проверки/встроенные-формы.flang:30-36 — шапка: 3 утверждения спрашивают с ключа indexBase, которого в поверхности языка нет)
builtins.test.mjs	код символа даёт кодовую точку, а не единицу UTF-16	A1	flang/проверки/встроенные-формы.flang:110-114 (ведомость.txt строки 10-14)
builtins.test.mjs	код символа и символ 1 в … согласованы на любом входе	A1	flang/проверки/встроенные-формы.flang:115 (ведомость.txt строка 15); шире — self-builtins.test.mjs:625-640 на девяти строках с суррогатами
builtins.test.mjs	код символа отвергает пустую строку и не строку	A2	FLANG_BUILTIN_ARGS; flang/test/self-builtins.test.mjs:323 «Отказ пустого кода символа» + матрица родов :278
builtins.test.mjs	подстрока берёт границы включительно	A1	flang/проверки/встроенные-формы.flang:117-120 (ведомость.txt строки 16-19)
builtins.test.mjs	подстрока за границами — ошибка	A2	FLANG_BUILTIN_ARGS; flang/test/self-builtins.test.mjs:333-337 «Отказ начала подстроки» и «Отказ конца подстроки» на 6 значениях × 2 основаниях
builtins.test.mjs	соединить склеивает строки и собирает список через разделитель	A1	flang/проверки/встроенные-формы.flang:122-125 (ведомость.txt строки 20-23); отказ на списке не строк — self-builtins.test.mjs:315 «Отказ элемента соединения»
builtins.test.mjs	разделить по отсутствующему разделителю даёт список из одной строки	A1	flang/проверки/встроенные-формы.flang:127-130 (ведомость.txt строки 24-27); отказ на пустом разделителе — self-builtins.test.mjs:324
builtins.test.mjs	содержит работает для строк и для списков	A1	flang/проверки/встроенные-формы.flang:132-135 и :166 (ведомость.txt строки 28-31, 54)
builtins.test.mjs	начинается с сравнивает префикс	A1	flang/проверки/встроенные-формы.flang:137-139 (ведомость.txt строки 32-34)
builtins.test.mjs	к числу разбирает строго	A2	положительная половина — flang/проверки/встроенные-формы.flang:141-143; отказы («», «сорок два», «0x10», «Infinity», «1e400») — self-builtins.test.mjs:328 «Отказ не конечное число» и :320, плюс self-interpret.test.mjs:1235 «к числу разбирает те же строки в те же биты»
builtins.test.mjs	к строке печатает признак по-русски	A1	flang/проверки/встроенные-формы.flang:145-149 (ведомость.txt строки 38-42)
builtins.test.mjs	пусто различает пустой и непустой список	A1	flang/проверки/встроенные-формы.flang:151-153 (ведомость.txt строки 43-45)
builtins.test.mjs	голова и хвост требуют непустого списка	A2	FLANG_BUILTIN_ARGS; flang/test/self-builtins.test.mjs:325-326 «Отказ пустой головы»/«Отказ пустого хвоста»; положительная половина — flang/проверки/встроенные-формы.flang:155-157
builtins.test.mjs	элемент индексируется от единицы, как символ, и отказывает за границей	A2	текст «элемент: индекс 4 вне списка длиной 3» сверен побайтово — flang/test/self-builtins.test.mjs:332 «Отказ номера элемента»; положительная половина — flang/проверки/встроенные-формы.flang:159-160
builtins.test.mjs	элемент уважает нулевую базу индексов — той же опцией, что и символ	A2	flang/test/self-builtins.test.mjs:452-459 «Основание индексации»
builtins.test.mjs	добавить не изменяет исходный список	A1	flang/проверки/встроенные-формы.flang:162-163 (ведомость.txt строки 51-52); неизменность при ветвлении держит только interpret.test.mjs:782
builtins.test.mjs	вложенные списки сравниваются структурно	A2	flang/test/self-builtins.test.mjs:456-466 «Значения равны» на 17×17 парах + ОСОБЫЕ_ПАРЫ «вложенные списки», «вложенные списки, разошедшиеся вглубине»
builtins.test.mjs	остаток от повторяет оператор JS	A1	flang/проверки/встроенные-формы.flang:168-170 (ведомость.txt строки 55-57); NaN на нуле в языке равенством не ловится (шапка :37-39 «пять невыразимых названы поимённо») и держится self-builtins.test.mjs:573 «Остаток дал не число» на 225 парах
builtins.test.mjs	процентов от считает ровно как ядро: (percent / 100) * value	A1	flang/проверки/встроенные-формы.flang:172-173; шапка :46-70 — именно этой поломкой проверено, что перенесённое умеет краснеть; шире — self-builtins.test.mjs:497-506, 484 пары
builtins.test.mjs	percentOf экспортирован и совпадает со встроенной формой	D	предмет — экспорт percentOf из src/builtins.mjs и его согласие со встроенной формой того же модуля
builtins.test.mjs	неизвестная встроенная форма — FLANG_UNKNOWN_NAME	A2	flang/test/self-builtins.test.mjs:175-181 (каноническое имя и «форма есть» на всех именах корпуса — тысячи чужих имён) + :349-355 «Неизвестная форма»
builtins.test.mjs	все встроенные формы из спецификации на месте	A2	flang/test/self-builtins.test.mjs:182 сверить("список имён форм", BUILTIN_NAMES, «Формы языка»); эталон — flang/self/builtins.flang:60
builtins.test.mjs	ошибка встроенной формы несёт span узла	A2	flang/test/self-builtins.test.mjs:534-548 §10: форма диагностики целиком через JSON.stringify, с местом и без, 36 сочетаний; эталон — flang/self/builtins.flang:1002 «Диагностика отказа с местом»
builtins.test.mjs	равенство скаляров — как compare() ядра, через Object.is	A2	flang/test/self-builtins.test.mjs:460-466 и §11 :568-600 (минус ноль, «не число», обе бесконечности); эталон — flang/self/builtins.flang:824 «Скаляры равны», примеры :850-858
builtins.test.mjs	варианты и записи сравниваются по имени и полям	A2	flang/test/self-builtins.test.mjs:445-455 ОСОБЫЕ_ПАРЫ (варианты одного имени, записи с переставленными ключами) + :481-484 названное расхождение «записи-самозванца»
builtins.test.mjs	typeName и describeValue дают человекочитаемые имена	A2	flang/test/self-builtins.test.mjs:520-528 §9 на всех 17 значениях матрицы; эталон — flang/self/builtins.flang:284 «Имя вида значения», :313 «Описать значение», примеры :329-333
builtins.test.mjs	сообщение об арности склоняется по-русски	A2	flang/test/self-builtins.test.mjs:190-201 §2 (каждая из 20 форм × 0…4 аргумента, текст побайтово); эталон — flang/self/builtins.flang:359-415 «Слово аргумента», примеры :362-380
lexer.test.mjs	отступ открывает и закрывает блок	A1	flang/self/lexer.flang:1894-1899 «Разметка», пример «Заголовок функции» — поток с ">" и "<"
lexer.test.mjs	вложенные блоки закрываются по одному DEDENT на уровень	A2	flang/test/self-lexer.test.mjs:607-613 «отступы: несколько уровней закрываются разом, по одному dedent на уровень»
lexer.test.mjs	пустые строки и строки-комментарии не участвуют в отступах	A1	flang/self/lexer.flang:1903-1905 пример «Комментарии и пустые строки токенов не дают»
lexer.test.mjs	рваный отступ — это FLANG_LEX с точным местом	A2	FLANG_LEX; место (строка 3, столбец 3) держит flang/test/self-lexer.test.mjs:389-397; сам код держит пример flang/self/lexer.flang:1848 «Рваный отступ» → ["FLANG_LEX"]
lexer.test.mjs	табуляция считается шириной два, как в ядре FTS	A2	flang/test/self-lexer.test.mjs:199-206 (каждый .flang дерева — поток в поток, вместе со строкой и столбцом) и :354 краевые случаи
lexer.test.mjs	имя пишется ёлочками, обычными кавычками или одним словом	A1	flang/self/lexer.flang:1894-1902 «Разметка»: примеры дают «ёлочка Длина», «имя акк» и «строка текст» — три вида рядом
lexer.test.mjs	имя в кавычках никогда не становится ключевым словом	A2	flang/test/self-lexer.test.mjs:456 разметка("«если»") = ["ёлочка если", "/", "."]; пример flang/self/lexer.flang:1038 закрывает только хвост чужой фразы
lexer.test.mjs	имена нормализуются в NFC	B	НИЧЕМ НЕ ЗАМЕЩЕНО СЕГОДНЯ: flang/self/lexer.flang:80-83 — «Нормализация NFC не выполняется», записано в долги. Утверждение выражается примером на «Разметке», как только эталон долг закроет
lexer.test.mjs	числа разбираются в IEEE-754 double	A1	flang/self/lexer.flang:848-858 «Запись числа», четыре примера; шире — flang/test/self-lexer.test.mjs:620 (текст и число, минус ноль)
lexer.test.mjs	строковый литерал понимает экранирование	A1	flang/self/lexer.flang:710-717 «Экранированный», примеры «Перевод строки», «Кавычка», «Неизвестное экранирование даёт сам символ»
lexer.test.mjs	комментарии // и /* */ выбрасываются	A1	flang/self/lexer.flang:1903-1905 пример «Комментарии и пустые строки токенов не дают»
lexer.test.mjs	комментарий внутри строки остаётся данными	A2	flang/test/self-lexer.test.mjs:199 корпус + :354 краевые случаи (строка с "//" внутри проходит поток в поток)
lexer.test.mjs	каждый токен несёт span со строкой и колонкой	A2	flang/test/self-lexer.test.mjs:236-245 (наш()/образцовый() включают строку и столбец) + :199 на каждом .flang дерева и :227 сторож символа вне BMP
lexer.test.mjs	многословные ключевые слова склеиваются в один токен	A1	flang/self/lexer.flang:1029-1034 примеры «Фраза из двух слов», «Китайская фраза»; flang/self/lexer.flang:1900 пример «Многословное ключевое слово»
lexer.test.mjs	длинная фраза выигрывает у короткой	A1	flang/self/lexer.flang:1056-1060 «Может начинать», примеры; шире — flang/test/self-lexer.test.mjs:444-459 «многословные фразы склеиваются жадно, длинные вперёд»
lexer.test.mjs	«элемент» ключевое, «элементы» имя, «обратный элемент» цел	A2	flang/test/self-lexer.test.mjs:420-437 таблица поверхность в поверхность (500+ фраз) + :199 корпус, где «элементы» стоит именем 430 раз
lexer.test.mjs	«код символа» ключевое, одинокий «код» — по-прежнему имя	A2	flang/test/self-lexer.test.mjs:420-437 + :199 корпус, где одинокое «код» стоит именем 226 раз
lexer.test.mjs	русская и английская поверхности дают один идентификатор	A1	flang/self/lexer.flang:1017-1028 «Идентификатор фразы», примеры на четырёх поверхностях; шире — flang/test/self-lexer.test.mjs:420 (500+ поверхностей) и :642 порядок таблицы
lexer.test.mjs	стрелка пишется как → или ->	A2	flang/test/self-lexer.test.mjs:354 краевые и :370 фаззинг (в кусках есть и "→", и "->"); «→» держит пример flang/self/lexer.flang:1900
lexer.test.mjs	внутри скобок отступы не значимы	A2	flang/test/self-lexer.test.mjs:614-619 «внутри скобок отступ не значим, а конец строки — значим»
lexer.test.mjs	незакрытая кавычка и незакрытый комментарий — FLANG_LEX	A2	FLANG_LEX; flang/test/self-lexer.test.mjs:408-418 «незакрытые кавычки и комментарий: место — начало, а не конец»
lexer.test.mjs	недопустимый символ сообщает своё место	A2	FLANG_LEX; flang/test/self-lexer.test.mjs:399-407 «недопустимый символ называет сам символ» (сообщение и столбец)
lexer.test.mjs	файл заканчивается newline, DEDENT и EOF	A1	flang/self/lexer.flang:1894-1899 пример «Заголовок функции» кончается "/", "<", "."; :1906 «Пустой исходник — только конец» → ["."]
repl.test.mjs	выражение вычисляется сразу	A2	flang/test/self-repl.test.mjs:642 ОБЕЩАНИЯ.сверено (побайтовая сверка вида итога, ответа и исходника сессии); проверка карты — :688
repl.test.mjs	многострочное выражение вычисляется целиком	A2	flang/test/self-repl.test.mjs:643 ОБЕЩАНИЯ.сверено
repl.test.mjs	пустой ввод ничего не делает	A2	flang/test/self-repl.test.mjs:644 ОБЕЩАНИЯ.сверено
repl.test.mjs	значения печатаются поверхностью языка	A1	flang/self/repl/repl.flang:1724 пример «Признак печатается словом», :1766 «Обычное число печатается как есть»; побайтово — flang/test/self-repl.test.mjs:540
repl.test.mjs	вариант печатается именем и полями, запись — полями	A2	flang/test/self-repl.test.mjs:646 ОБЕЩАНИЯ.сверено; эталон — flang/self/repl/repl.flang:1721 «Печать значения оболочки»
repl.test.mjs	объявленная функция доступна следующему выражению	A2	flang/test/self-repl.test.mjs:647 ОБЕЩАНИЯ.сверено + :447 сверка вида итога и исходника сессии
repl.test.mjs	объявления накапливаются и видят друг друга	A2	flang/test/self-repl.test.mjs:648 ОБЕЩАНИЯ.сверено
repl.test.mjs	переобъявление заменяет прежнее, а не спорит с ним	A2	flang/test/self-repl.test.mjs:649 ОБЕЩАНИЯ.сверено; порча «переобъявление перестало заменять прежнее» :735 краснеет
repl.test.mjs	объявление, не прошедшее проверку, не меняет сессию	A2	flang/test/self-repl.test.mjs:650 ОБЕЩАНИЯ.сверено (исходник сессии сверяется отдельно от ответа)
repl.test.mjs	исходник сессии — это программа, которую примет разбор	A2	flang/test/self-repl.test.mjs:651 ОБЕЩАНИЯ.сверено; порча «между объявлениями сессии пропала пустая строка» :741
repl.test.mjs	ошибка типа называет код и точное место во вводе	A2	flang/test/self-repl.test.mjs:652 ОБЕЩАНИЯ.сверено; порча «столбец перестал сдвигаться на ширину обёртки» :727 (FLANG_TYPE)
repl.test.mjs	ошибка внутри объявления указывает на строку ввода, а не сессии	A2	flang/test/self-repl.test.mjs:653 ОБЕЩАНИЯ.сверено (FLANG_TYPE, строка и столбец)
repl.test.mjs	недоказанная тотальность отвергается тем же кодом, что и в check	A2	flang/test/self-repl.test.mjs:654 ОБЕЩАНИЯ.сверено (FLANG_NOT_TOTAL)
repl.test.mjs	неизвестное имя — ошибка разбора, а не молчание	A2	flang/test/self-repl.test.mjs:655 ОБЕЩАНИЯ.сверено (FLANG_UNKNOWN_NAME)
repl.test.mjs	ошибка разбора не роняет оболочку и оставляет её пригодной	A2	flang/test/self-repl.test.mjs:656 ОБЕЩАНИЯ.сверено (FLANG_PARSE)
repl.test.mjs	обычная функция объявляется без обещания завершения	A2	flang/test/self-repl.test.mjs:657 ОБЕЩАНИЯ.сверено; порча «про недоказанное завершение перестали говорить» :738
repl.test.mjs	лимит шагов сообщается тем же FLANG_RECURSION_LIMIT, что и обычный запуск	A2	flang/test/self-repl.test.mjs:489-495 «предел витков: тот же FLANG_RECURSION_LIMIT и то же сообщение»
repl.test.mjs	глубина вызовов ограничена так же, как в интерпретаторе	A2	flang/test/self-repl.test.mjs:496-505 «предел глубины: тот же код и то же число в тексте»
repl.test.mjs	заголовок объявления ждёт продолжения, пустая строка его заканчивает	A2	flang/test/self-repl.test.mjs:583-612 «продолжение многострочного ввода решается так же, как у свидетеля»
repl.test.mjs	законченная строка отправляется сразу	A2	flang/test/self-repl.test.mjs:583-612 (тот же блок)
repl.test.mjs	недописанное выражение продолжается, команда — никогда	A2	flang/test/self-repl.test.mjs:583-612 (тот же блок)
repl.test.mjs	общий отступ вставленного куска снимается	A1	flang/self/repl/repl.flang:497 пример «Четыре пробела снимаются», :523 «Общее начало двух отступов»
repl.test.mjs	справка и выход отвечают, неизвестная команда — отказ	A2	flang/test/self-repl.test.mjs:551-558 «справка и приветствие — тот же байт, что у свидетеля» + :664 ОБЕЩАНИЯ.сверено (FLANG_CLI)
repl.test.mjs	«.объявления» перечисляет объявленное и говорит о завершении	A2	flang/test/self-repl.test.mjs:665 ОБЕЩАНИЯ.сверено; порча «про недоказанное завершение перестали говорить» :738
repl.test.mjs	«.сбросить» забывает всё объявленное	A2	flang/test/self-repl.test.mjs:666 ОБЕЩАНИЯ.сверено
repl.test.mjs	сохранённая сессия загружается обратно и работает	A2	flang/test/self-repl.test.mjs:461-488 «записанный эталоном файл совпадает с записанным свидетелем побайтово» и «сохранённое эталоном загружается обратно и работает»
repl.test.mjs	загрузка режет файл на отдельные объявления — их можно переобъявить поодиночке	A2	flang/test/self-repl.test.mjs:668 ОБЕЩАНИЯ.сверено + :455 корпус файлов
repl.test.mjs	загрузка несуществующего файла и не-исходника — понятный отказ	A2	FLANG_CLI; flang/test/self-repl.test.mjs:669 ОБЕЩАНИЯ.сверено; распознавание расширения держит пример flang/self/repl/repl.flang:1674 «Расширение узнаётся»
repl.test.mjs	загруженный файл с ошибкой не попадает в сессию	A2	FLANG_TYPE; flang/test/self-repl.test.mjs:670 ОБЕЩАНИЯ.сверено + :455 корпус файлов
repl.test.mjs	диагностика печатается кодом, местом и сообщением	A1	flang/self/repl/repl.flang:1779 пример «Без места — только код и сообщение»; побайтово — flang/test/self-repl.test.mjs:559-582
repl.test.mjs	«использует» подключает модуль строкой языка, а не командой	C	flang/test/self-repl.test.mjs:678 ОБЕЩАНИЯ.внеСреза — связывания модулей на flang нет, эталон отвечает FLANG_SELF_REPL_UNSUPPORTED. Нужен прогонщик поверх `flang repl` с настоящей файловой системой
repl.test.mjs	конфликт имён с подключаемым модулем виден сразу и не ломает сессию	C	FLANG_DUPLICATE_NAME; flang/test/self-repl.test.mjs:679 ОБЕЩАНИЯ.внеСреза — тот же довод
repl.test.mjs	`flang repl` под конвейером считает, объявляет и разделяет потоки	C	FLANG_TYPE в stderr, код возврата 1, приглашения не в stdout; flang/test/self-repl.test.mjs:683 ОБЕЩАНИЯ.терминал — «их не покрывает и ЯДРО свидетеля». Нужен сквозной прогон двоичного
repl.test.mjs	`flang repl <файл>` загружает файл в сессию при запуске	C	flang/test/self-repl.test.mjs:684 ОБЕЩАНИЯ.терминал; сквозной прогон процесса с cwd и путём
flang/test/link.test.mjs	функция из импортированного модуля становится вызываемой	A1	examples/import-check.flang:1-10 — модуль с «использует» и примером на функции, зовущей импортированное имя; flang/проверки/ведомость-примеров.txt:537 «70 70 0»
flang/test/link.test.mjs	импорт транзитивен: модуль через модуль	A2	flang/test/self-link.test.mjs:274 (дурной набор «ромб») + :600 (побайтово, корпус с замыканием импортов); цепочка в дереве: flang/self/io.flang:4 → self/types.flang:3 → self/emit-c.flang
flang/test/link.test.mjs	настоящий stdlib подключается из чужого каталога	A1	examples/import-check.flang:2 (использует ../stdlib/lists.flang) + :8-10 (тот же список [1,2,3,40] → 46)
flang/test/link.test.mjs	типы импортируются вместе с функциями	A2	flang/test/self-link.test.mjs:248 (дурной набор «одно имя типа в двух модулях») + :600 (ключ types сверяется побайтово)
flang/test/link.test.mjs	пропавший файл — FLANG_IMPORT_NOT_FOUND, а не несвязанное имя	A2	flang/test/self-link.test.mjs:218 + :609 (все коды отказа сработали)
flang/test/link.test.mjs	циклический импорт — диагностика, а не бесконечная загрузка	A2	flang/test/self-link.test.mjs:221 + :609
flang/test/link.test.mjs	одно имя в двух модулях — FLANG_DUPLICATE_NAME с обоими файлами	A2	flang/test/self-link.test.mjs:242 (диагностики сверяются кодом, текстом И местом, шапка п.2)
flang/test/link.test.mjs	повтор имени в одном файле ловится и при импорте: наборы диагностик равны	A2	flang/test/self-link.test.mjs:258 («повтор имени ВНУТРИ одного файла кладётся вторым объявлением»)
flang/test/link.test.mjs	повтор имени в одном файле с импортом: check отказывает, а не молчит	C	предмет — код возврата и JSON команды `flang check` (bin/flang.mjs); связывающая половина уже в self-link.test.mjs:258
flang/test/link.test.mjs	имя модуля в «использует» обязано совпадать с заголовком файла	A2	flang/test/self-link.test.mjs:225
flang/test/link.test.mjs	имя модуля сверяется и у повторного импорта, а не только у первого	A2	flang/test/self-link.test.mjs:235 («чужое имя у файла, который уже привезён соседом»)
flang/test/link.test.mjs	«экспортирует» ограничивает видимое, остальное остаётся внутренним	A2	flang/test/self-link.test.mjs:269 + flang/self/lexer.flang (экспортирует) импортируется self/parser.flang:2 в корпусе
flang/test/link.test.mjs	у входного файла видно всё, даже если он сам что-то экспортирует	A2	flang/test/self-link.test.mjs:600 — self/lexer.flang и self/parser.flang входят в корпус ВХОДНЫМИ файлами, а «экспортирует» у них есть
flang/test/link.test.mjs	«только» берёт названные имена и не тащит остальные	A2	flang/test/self-link.test.mjs:264 + flang/self/io.flang:2-4 (три строки «только» с длинными списками имён)
flang/test/link.test.mjs	«только» снимает конфликт: одноимённую функцию можно не брать	A2	flang/test/self-link.test.mjs:264 («только сужает видимое»)
flang/test/link.test.mjs	«только» не расширяет видимое сверх «экспортирует»	A2	flang/test/self-link.test.mjs:269 («экспортирует сильнее, чем только»)
flang/test/link.test.mjs	без «использует» разбор остаётся прежним: связывание ничего не подменяет	A2	flang/test/self-link.test.mjs:600 (побайтово; программ без импортов в корпусе большинство). Сверка `flang ast` с прямым разбором — оснастка
flang/test/link.test.mjs	морфизмы импортированного модуля попадают в связанную программу	A2	flang/test/self-link.test.mjs:635 (раскладка родов: morphisms 10) + examples/cat/modules/reconciliation.flang:2-4
flang/test/link.test.mjs	несостыкованная композиция из импортированного модуля не теряется и указывает на него	B	FLANG_COMPOSE_MISMATCH есть ТОЛЬКО в flang/src/types.mjs; в .flang дерева он лишь помянут комментарием (examples/cat/order-shipment.flang:15)
flang/test/link.test.mjs	композиция собирается из морфизмов двух файлов	B	та же дыра: проверки устройства теорката (checkMorphisms) на стороне flang нет — flang/self/iso.flang:5-7 прямо пишет «доказано раньше и в другом месте (src/types.mjs)»
flang/test/link.test.mjs	несостыковка через модули называет обе стрелки, а не только код	B	текст FLANG_COMPOSE_MISMATCH живёт только в flang/src/types.mjs
flang/test/link.test.mjs	теоркат входного файла не пропадает из-за постороннего импорта	B	связывающая половина — self-link.test.mjs:600; сам вердикт FLANG_COMPOSE_MISMATCH эталона не имеет
flang/test/link.test.mjs	изоморфизм над объектами другого модуля проверяется по концам	B	FLANG_ISO_MISMATCH только в flang/src/types.mjs; flang/self/iso.flang проверяет ЗАКОН на сетке, а не концы стрелок
flang/test/link.test.mjs	«экспортирует» ограничивает морфизмы так же, как типы и функции	A2	flang/test/self-link.test.mjs:314 («только не пускает морфизм») + :269
flang/test/link.test.mjs	функтор проверяется, когда его объекты объявлены в другом модуле	B	FLANG_FUNCTOR_ARROW_MISMATCH только в flang/src/types.mjs (flang/self/functor.flang:6-9 — про закон на данных, не про устройство). Половина «свой функтор не приезжает дважды» — self-link.test.mjs:326
flang/test/link.test.mjs	функтор, объявленный в импортированном модуле, тоже проверяется	B	то же: узел functorFile сливается (self-link.test.mjs:320), а закон концов считает только src/types.mjs
flang/test/link.test.mjs	моноид виден, когда его операция объявлена в другом модуле	A2	flang/test/self-link.test.mjs:306 + :416 («единица моноида — функция без аргументов из чужого модуля», переразбор вторым проходом)
flang/test/link.test.mjs	нарушенный моноид через модули краснеет и называет операцию	B	текст «принимает N арг., а обязана два» — flang/src/types.mjs:1817; на стороне flang FLANG_MONOID у self/monoid.flang:628 про ЗАКОН на сетке, а не про арность
flang/test/link.test.mjs	бифунктор над парами объектов из другого модуля проверяется	B	FLANG_BIFUNCTOR_ARROW_MISMATCH только в flang/src/types.mjs
flang/test/link.test.mjs	два морфизма с одним именем из разных модулей — FLANG_DUPLICATE_NAME с обоими файлами	A2	flang/test/self-link.test.mjs:297 («категория и морфизм в двух модулях»)
flang/test/link.test.mjs	столкновение имён ловится у каждого вида объявления, не только у морфизма	A2	flang/test/self-link.test.mjs:297 (морфизм, категория) и :320,:326 (функтор); изоморфизм, бифунктор и моноид в дурных наборах поимённо НЕ названы
flang/test/link.test.mjs	«только» действует и на категорные имена: невзятый морфизм не приезжает	A2	flang/test/self-link.test.mjs:314
flang/test/link.test.mjs	цепочка приезжает по своему имени целиком, вместе со служебными звеньями	A2	flang/test/self-link.test.mjs:431 («цепочка приезжает вместе со служебными звеньями»)
flang/test/link.test.mjs	flang check отказывает кодом 1, когда композиция через границу не стыкуется	C	предмет — код возврата процесса `flang check`
flang/test/link.test.mjs	дорога проверки для человека тоже видит закон, нарушенный в чужом модуле	D	предмет — функция checkSource модуля flang/src/repl.mjs; сама дорога исчезает вместе с JavaScript, а утверждение дословно повторяет «несостыкованная композиция…»
flang/test/link.test.mjs	программа без теорката не получает от связывания новых ключей	A2	flang/test/self-link.test.mjs:354 («без теоремы ключа theorems в программе нет») + :600 (лишний ключ = побайтовое расхождение)
flang/test/link.test.mjs	теорема доносится через импорт к своей функции	A2	flang/test/self-link.test.mjs:345 («теорема импортированного модуля едет за своей функцией») + :635 (theorems 51)
flang/test/link.test.mjs	теорема НЕ доносится по совпадению имени: у файла без импортов её быть не может	B	сам тест это и пишет (link.test.mjs:1286): «Байт-в-байт сверка эталона этого НЕ ловит». Пишется примером на двери «Связать разобранное» self/link.flang: ожидается пустой список theorems
flang/test/link.test.mjs	своя теорема не перекрывается донесённой	B	в дурных наборах self-link.test.mjs:333-362 такого случая нет; выражается примером на той же двери — длина theorems равна 1
flang/test/link.test.mjs	файлы цепочки доказательства: у каждого есть эталон, кроме НАЗВАННЫХ	D	предмет — существование файлов flang/src/*.mjs и их пар с self/*.flang; после выброса JavaScript пар не остаётся вовсе
flang/test/io.test.mjs	словарь ввода-вывода — три суммы, и все поручения объявлены полями	A2	flang/self/parser.flang:5141-5165 («Узел типа поручения», «Варианты поручения/отклика/продолжения») + flang/test/self-parser.test.mjs:223 (побайтово на examples/io). Три имени суммы — примером: flang/self/io.flang:94-97
flang/test/io.test.mjs	программа без ввода-вывода остаётся побайтово прежней	A2	flang/self/parser.flang:5184-5195 («Типы ввода-вывода» при «нужен» нет отдаёт типы как есть) + self-parser.test.mjs:223 на всём дереве
flang/test/io.test.mjs	словарь приписывается по употреблению имени, а не только по объявлению плана	A2	flang/self/parser.flang:5184-5195 + self-parser.test.mjs:1036 (фаззинг обрезанных исходников дерева). В дереве без плана словарь употребляет flang/conc/sluzhby/chtenie.flang, но этот каталог в корпус self-parser не входит
flang/test/io.test.mjs	чужое объявление с тем же именем словарь не переопределяет	A2	flang/self/parser.flang:5172-5182 («Свободен для словаря») + flang/conc/examples/backpressure.flang (свой тип «Отклик») в корпусе self-parser.test.mjs:214
flang/test/io.test.mjs	слово «шаг» ключевым не стало: файл с переменной «шаг» разбирается	A2	flang/self/lexer.flang + self-parser.test.mjs:223 (flang/core/lexer.flang в корпусе, «шаг» там голым)
flang/test/io.test.mjs	слово «план» именем не было и осталось словом: объявление разбирается	A2	self-parser.test.mjs:216-217 (каталог examples/io в корпусе) + :223 — узел plan со span сверяется побайтово
flang/test/io.test.mjs	план без строки — ошибка разбора, называющая пропущенное слово	A2	self-parser.test.mjs:1036 (фаззинг обрезанных исходников репозитория) + :1066 («не разобранная конструкция: код, сообщение и место как у образца»)
flang/test/io.test.mjs	шаг не той формы — FLANG_PLAN, а не общий FLANG_TYPE	A2	flang/self/io.flang (весь слой) + flang/test/fixtures/plany/03-sostoyanie-neizvestno.flang, 05-nachalo-s-argumentom.flang, 09/10-shag-*-argument.flang + self-io.test.mjs:165
flang/test/io.test.mjs	«потом» чужого типа — отказ проверки, а не падение у хозяина	B	сверка поля «потом» с типом состояния живёт только в flang/src/types.mjs:897; в flang/self/io.flang слова «потом» нет ни разу. Пишется как self/otkazy-tipov.flang: исходник строкой — код отказа строкой
flang/test/io.test.mjs	верное «потом» проходит: сверка не запрещает саму машину продолжений	B	обратная сила той же проверки; тем же примером с ожиданием пустой строки
flang/test/io.test.mjs	«Конец работы» разного типа в одном плане — отказ проверки	B	flang/src/types.mjs:7167-7181 («у плана один результат»); эталона на flang нет
flang/test/io.test.mjs	один тип результата во всех ветках — проходит	B	обратная сила той же проверки
flang/test/io.test.mjs	плана нет — джокер остаётся джокером, и это НАЗВАННАЯ дыра	B	названная дыра выражается тем же примером: ожидается пустая строка
flang/test/io.test.mjs	примеры функций с поручениями сходятся как обычные примеры	A1	examples/io/link-report.flang — 10 примеров; flang/проверки/ведомость-примеров.txt:538 «10 10 0» (гоняет двоичный flang test, без Node)
flang/test/io.test.mjs	программа с вводом-выводом остаётся ТОТАЛЬНОЙ	B	flang/self/totality.flang есть, но каталог examples/io в корпус self-totality.test.mjs:346 не входит; пишется примером «Код отказа тотальности» с ожиданием пустой строки
flang/test/io.test.mjs	поддельный хозяин: журнал поручений сверяется, эффектов ноль	B	прогон плана на списке заготовленных откликов ЧИСТ; машины runPlan на стороне flang нет (flang/self/cli.flang:10 — «исполняет хозяин»)
flang/test/io.test.mjs	отклик хозяина «Сбой» доходит до программы, а не роняет прогон	B	то же: чистый прогон на поддельном хозяине
flang/test/io.test.mjs	хозяин, вернувший не отклик, — FLANG_IO с именем плана	B	то же
flang/test/io.test.mjs	бесконечный план упирается в предел поручений, а не висит	C	предел числа поручений — ключ оснастки (--max-orders), как предел шагов
flang/test/io.test.mjs	хозяин на Node действительно читает и пишет файлы	C	файловая система и настоящий хозяин ввода-вывода
flang/test/io.test.mjs	хозяин без права записи отвечает отказом, и план его пересказывает	C	полномочия настоящего хозяина
flang/test/io.test.mjs	хозяин с ограничением каталога не выпускает путь наружу	C	пути и файловая система
flang/test/io.test.mjs	программа с перечислением каталога проходит все три слоя	B	разбор + типы + тотальность чистой программы; переносится примером в otkazy-tipov/otkazy-totalnosti
flang/test/io.test.mjs	хозяин перечисляет каталог, и порядок имён детерминирован	C	настоящий каталог на диске
flang/test/io.test.mjs	список имён доезжает до программы значением: план склеивает их сам	C	половина с настоящим хозяином требует каталога; половина с поддельным — чистая
flang/test/io.test.mjs	перечисление каталога идёт под правом чтения, а не под своим	C	полномочия хозяина
flang/test/io.test.mjs	несуществующий каталог — отклик «Сбой», а не падение хозяина	C	файловая система
flang/test/io.test.mjs	перечисление за пределами каталога работы запрещено так же, как чтение	C	пути и полномочия
flang/test/io.test.mjs	программа с запуском процесса проходит все три слоя	B	чистая программа: разбор, типы, тотальность
flang/test/io.test.mjs	процесс отработал: код, вывод и ошибки приезжают одним откликом	C	настоящий чужой процесс
flang/test/io.test.mjs	ненулевой код возврата — это отклик, а не сбой хозяина	C	код возврата чужого процесса
flang/test/io.test.mjs	убитый процесс отличим от вернувшего ноль: свой вариант отклика, а не число	C	сигнал настоящему процессу
flang/test/io.test.mjs	программы нет — «Сбой», а не падение хозяина	C	запуск процесса
flang/test/io.test.mjs	пустое имя программы — «Сбой» до всякого запуска	C	запуск процесса
flang/test/io.test.mjs	процесс не уложился в срок — «Сбой» с кодом срока, а не «Процесс убит»	C	замер времени и обрыв процесса
flang/test/io.test.mjs	процесс, напечатавший сверх предела, обрывается «Сбоем», а не съедает память хозяина	C	предел вывода настоящего процесса (текст сообщения меряет единицы UTF-16 — мерка JavaScript)
flang/test/io.test.mjs	у запуска процесса СВОЁ право: чтение его не открывает, запуск не открывает чтения	C	полномочия хозяина
flang/test/io.test.mjs	чужой процесс доезжает до программы значением, и журнал сравним с поддельным	C	половина с настоящим node; половина с поддельным хозяином — чистая
flang/test/io.test.mjs	одно семя — одно случайное число	C	повторимость настоящего хозяина
flang/test/io.test.mjs	хозяин ходит в сеть: настоящий сервер, настоящий запрос	C	сеть
flang/test/io.test.mjs	НАСТОЯЩИЙ ПРОГОН: «Открыть соединение» ходит наружу по сырому сокету и разговаривает дважды	C	сеть, сырой сокет
flang/test/io.test.mjs	«Открыть соединение» отвечает СБОЕМ, а не висит: адрес, порт, отказ соединения	C	сеть
flang/test/io.test.mjs	хозяин без права сети не открывает соединения наружу	C	полномочия хозяина
flang/test/io.test.mjs	хозяин без права сети отвечает отказом, не открывая сокета	D	единственная улика — подставная функция fetch в настройках nodeHost (io.test.mjs:1055); шва этого вне модуля на JavaScript нет, а само утверждение дословно повторяет соседнее
flang/test/io.test.mjs	flang io прогоняет план и печатает журнал поручений	C	процесс и его вывод
flang/test/io.test.mjs	flang io с урезанными правами кончается ненулевым кодом и диагностикой	C	код возврата процесса
flang/test/io.test.mjs	код выхода flang io: 0 — дошли, 1 — программа сдалась сама, 3 — сломался инструмент	C	коды возврата процесса (в flang/self/cli.flang:292 они только в тексте справки)
flang/test/io.test.mjs	flang check и flang test принимают программу с планом	A1	flang/проверки/ведомость-примеров.txt:538 — двоичный flang test уже гоняет link-report.flang «10 10 0»
flang/test/hof.test.mjs	тип функции читается словами и попадает в AST одним узлом	A2	flang/self/parser.flang:1487 (узел kind=fn с params/returns) + self-parser.test.mjs:223 на flang/stdlib/higher-order.flang:192,212,230
flang/test/hof.test.mjs	аргументов у типа функции может быть сколько угодно, включая ноль	B	одно- и двухместные типы функции в дереве есть (higher-order.flang), НУЛЕМЕСТНЫЙ («функция в число») не написан ни разу
flang/test/hof.test.mjs	стрелочная запись даёт тот же ТИП, что словесная, хотя узел у неё свой	B	flang/self/parser.flang:1454 стрелочный узел {from,to} строит, но ни один .flang дерева стрелочной записи типа не употребляет
flang/test/hof.test.mjs	«и» в поле варианта не съедается списком аргументов типа функции	B	тип функции в поле варианта в дереве не написан ни разу
flang/test/hof.test.mjs	значение-функция и вызов по имени различаются позицией, а не словом	A2	self-parser.test.mjs:223 на flang/stdlib/higher-order.flang (узлы fnref и call рядом) + flang/self/parser.flang:2786-2787
flang/test/hof.test.mjs	AST всех существующих форм не меняется: старое читается как раньше	A2	flang/test/self-parser.test.mjs:223 — побайтовая сверка AST всего дерева
flang/test/hof.test.mjs	функция как значение: передать по имени, вернуть, положить в список	B	передача по имени — A1 (flang/stdlib/higher-order.flang:195 и далее, ведомость-примеров.txt:736 «55 55 0»); ВОЗВРАТ типом «функция из…» и СПИСОК функций в дереве не написаны ни разу
flang/test/hof.test.mjs	применение проверяет арность	B	flang/self/types.flang умеет FLANG_APPLY («а применено к»), но отрицательного примера нет: в корпусе self-types.test.mjs:1266 кодов FLANG_APPLY нет вовсе. Пишется как flang/self/otkazy-tipov.flang
flang/test/hof.test.mjs	применение проверяет типы аргументов	B	то же: flang/self/otkazy-tipov.flang — исходник строкой, код отказа строкой
flang/test/hof.test.mjs	применение проверяет тип результата	B	то же
flang/test/hof.test.mjs	применять можно только функцию	B	текст «применять можно только функцию» есть в flang/self/types.flang, примера на него нет
flang/test/hof.test.mjs	тип функции сравнивается целиком: и по аргументам, и по результату	B	то же
flang/test/hof.test.mjs	тип функции печатается словами исходника, включая вложенность и списки	B	печать типа есть у эталона (flang/self/types.flang:1192), примера с вложенным типом функции нет
flang/test/hof.test.mjs	неизвестная функция под словом «функция» названа именем	B	FLANG_UNKNOWN_NAME на узле fnref; примера нет
flang/test/hof.test.mjs	полиморфная функция значением стать не может, и это сказано	B	FLANG_TYPE_PARAM и текст «значением стать не может» есть в flang/self/types.flang, примера нет
flang/test/hof.test.mjs	функция под параметром типа: подстановка идёт и внутрь типа функции	A1	flang/stdlib/higher-order.flang:211-227 («Отобразить» от «А» и «Б», ф: функция из «А» в «Б») + примеры «Удвоение», «Точки в конце — тем же телом»; ведомость-примеров.txt:736 «55 55 0»
flang/test/hof.test.mjs	применение значения-функции не мешает доказать завершение	B	flang/self/totality.flang не знает НИ «apply», НИ «fnref» (ноль вхождений), тогда как flang/src/totality.mjs:306,723 разворачивает применение по тегам. Эталона у правила нет вовсе
flang/test/hof.test.mjs	тотальная функция, применяющая обычную, не доказывается — и причина названа	B	та же дыра в flang/self/totality.flang; пишется примером в flang/self/otkazy-totalnosti.flang
flang/test/hof.test.mjs	вечный цикл через высший порядок отвергается	B	та же дыра
flang/test/hof.test.mjs	тег, применённый на месте, даёт ровно одно ребро, а не все теги подряд	B	та же дыра
flang/test/hof.test.mjs	арность отсекает теги: применение к двум аргументам не видит одноместных	B	та же дыра
flang/test/hof.test.mjs	программа без функций-значений не получает ни одного нового ребра	A2	flang/test/self-totality.test.mjs:433 — вердикт совпадает со свидетелем на всех программах репозитория, а тегов там нет ни у одной, кроме higher-order.flang
flang/test/hof.test.mjs	огрубление названо: два независимых применения видят теги друг друга	B	та же дыра в flang/self/totality.flang; и в дереве нет ни одной программы, где огрубление срабатывает
flang/test/hof.test.mjs	значение-функция вычисляется: это тег, и применение — диспетчер по нему	A1	flang/stdlib/higher-order.flang:194-210 (одна «Свернуть» на три тега) + ведомость-примеров.txt:736 «55 55 0»
flang/test/hof.test.mjs	примеры с функцией-значением записываются и сходятся	A1	flang/stdlib/higher-order.flang — 55 примеров, почти все с «дано ф равно функция «…»»; ведомость-примеров.txt:736
flang/test/hof.test.mjs	значение примера сверяется с типом функции, а не принимается на слово	B	отрицательная сторона; flang/self/types.flang умеет, примера нет
flang/test/hof.test.mjs	тег, не называющий функции, в примере отвергается	B	то же
flang/test/hof.test.mjs	Ω, построенная в программе, отвергается анализом	B	дыра flang/self/totality.flang (нет apply/fnref); пишется примером в otkazy-totalnosti.flang
flang/test/hof.test.mjs	Ω, поданная снаружи тегом, не применяется: такого случая у диспетчера нет	C	значение подаётся ИЗВНЕ языка — аргументом вычислителя (`flang run --args`), примером такое не выражается
flang/test/hof.test.mjs	тег обычной функции снаружи не проходит по той же причине	C	то же: значение приходит снаружи
flang/test/hof.test.mjs	вариант, названный как функция, тегом не становится	A2	flang/test/self-tags.test.mjs:337-361 (нарочная программа ОДНОФАМИЛЕЦ) + flang/self/tags.flang
flang/test/hof.test.mjs	печать высшего порядка больше не отказывает: применение доезжает до C	A2	flang/self/defunc.flang + self-defunc.test.mjs:142 (побайтово на всём корпусе, higher-order.flang в нём) + flang/test/stdlib-hof.test.mjs:259 (диспетчер в напечатанном есть у всех восьми целей)
flang/test/hof.test.mjs	подделка захватом отвергнута завершаемостью: типы её пропускают, FLANG_NOT_TOTAL — нет	B	самое дорогое из непокрытого: захвата в дереве нет НИ РАЗУ, и flang/self/totality.flang про теги не знает вовсе
flang/test/hof.test.mjs	захват прижимает ЛЮБОЙ аргумент, не только первый — ради этого фаза и отступила от HOF.md	B	захват в .flang дерева не написан ни разу (проверено обходом); нарочная программа есть только в self-tags.test.mjs:302, и она про список тегов, а не про счёт
flang/test/hof.test.mjs	тип захваченного тега — по ОСТАВШИМСЯ параметрам, в порядке объявления	B	то же; отказы «не имеет параметра «третье»» и «захват «второе»» примерами не закрыты
flang/test/hof.test.mjs	порядок захвата обязан быть порядком объявления: два порядка дали бы одному значению два имени	B	соседнее утверждение держит self-tags.test.mjs:355 (оба написания дают ОДИН тег), но САМ ОТКАЗ FLANG_APPLY «не в порядке объявления» — только здесь
flang/test/hof.test.mjs	захват доезжает до C структурой с полем и разбором дискриминанта	B	печать захвата эталон умеет (flang/self/defunc.flang, «захвач» 29 раз), но в корпусе побайтовой сверки захвата нет ни в одной программе
flang/test/hof.test.mjs	тег без захвата печатается и считается ровно как до фазы 4	A1	flang/stdlib/higher-order.flang + ведомость-примеров.txt:736 — имя тега без захвата и его применение проверяются каждым из 55 примеров
flang/test/hof.test.mjs	тег с захватом, которого программа не строит, снаружи не проходит	C	значение приходит снаружи языка
flang/test/hof.test.mjs	захват в значении примера пишется и сходится с посчитанным	B	прямо просится примером; в дереве такого примера нет ни одного
flang/test/hof.test.mjs	одна функция обоими тегами сразу: целиком и с захватом — это РАЗНЫЕ теги	A2	flang/test/self-tags.test.mjs:302-361 (нарочная программа ЗАХВАТ: у «Сложить» ДВА тега) + flang/self/tags.flang:38-53
flang/test/hof.test.mjs	захват берёт ЗНАЧЕНИЕ локального имени, а не замыкается над ним	B	захвата с выражением в дереве нет; выражается примером на счёт («Проба» от 3 равно 11)
hotswap.test.mjs	нетотальный обработчик получает отказ на загрузке	A2	flang/test/self-hotswap.test.mjs:309 (исход «обработчик без тотальной»), кандидат :203, побайтовая сверка :433
hotswap.test.mjs	обработчик с признаком «тотальная», но недоказанный, тоже отвергается	A2	flang/test/self-hotswap.test.mjs:311 (исход «тотальность не доказана»), кандидат :221, диагностики целиком в :292
hotswap.test.mjs	ТОТАЛЬНЫЙ обработчик без оценки витков отвергается, когда названа граница	A2	flang/test/self-hotswap.test.mjs:312 и :314, сетка границ витков :243-245, :441 требует, чтобы оба исхода были задеты
hotswap.test.mjs	оценка, растущая с размером сообщения, границей не считается	A2	flang/test/self-hotswap.test.mjs:313 (исход «оценка обработчика растёт»), кандидат :232
hotswap.test.mjs	тотальный и ограниченный обработчик принимается, и процесс продолжает с того же состояния	A2	flang/test/self-hotswap.test.mjs:292 (в сравниваемом ответе есть «оценка» и «программа»), исход «принято» :300
hotswap.test.mjs	замена, не проходящая проверку типов, отвергается вместе с её диагностикой	A2	flang/test/self-hotswap.test.mjs:310 (исход «проверка типов»), кандидат :219
hotswap.test.mjs	замена приходит ПОД планировщиком: накопленное остаётся, ящик достаётся новому виду	D	flang/self/conc.flang:34-37 и :2097 (поле «замены» у эталона всегда пусто); flang/src/emit/js/flang_conc.js:32-33 (у напечатанных целей горячей замены нет)
hotswap.test.mjs	отвергнутая замена не трогает работающий прогон ни на виток	D	flang/self/conc.flang:34-37 и :2097; замены есть только у flang/src/conc.mjs
hotswap.test.mjs	тип сообщений сменить нельзя: в ящике уже лежит объявленный вид	A2	flang/test/self-hotswap.test.mjs:307 (исход «сменился тип сообщений»), кандидат :206
hotswap.test.mjs	новых процессов замена не заводит: это шаг Б1, а не Е1	A2	flang/test/self-hotswap.test.mjs:305 (исход «процесса нет в работающей»), кандидат :235
hotswap.test.mjs	надзор под работающим планировщиком не меняется	A2	flang/test/self-hotswap.test.mjs:303 (исход «надзор»), кандидат :205
hotswap.test.mjs	переобъявить существующий тип нельзя: иначе старое состояние станет непроверяемым	A2	flang/test/self-hotswap.test.mjs:304 (исход «переобъявленный тип»), кандидат :234
hotswap.test.mjs	перенос состояния между видами: старое переезжает функцией, а не догадкой	D	flang/self/hotswap.flang:38-41 (поля «состояние» в ответе нет: выполнение переноса за границей); flang/self/conc.flang:2097
hotswap.test.mjs	смена вида состояния без переноса отвергается: угадывать значение нечем	A2	flang/test/self-hotswap.test.mjs:316 (исход «переноса не названо»), кандидат :208
hotswap.test.mjs	перенос, названный там, где вид состояния не менялся, тоже отвергается	A2	flang/test/self-hotswap.test.mjs:315 (исход «перенос назван впустую»)
hotswap.test.mjs	перенос обязан быть тотальным — как обработчик, и той же проверкой	A2	flang/test/self-hotswap.test.mjs:318 (исход «перенос без тотальной»), кандидат :210
hotswap.test.mjs	перенос обязан принимать СТАРЫЙ вид и возвращать НОВЫЙ, и это сверяется по объявлениям	A2	flang/test/self-hotswap.test.mjs:320-321, кандидаты :212-213
hotswap.test.mjs	после замены НАДЗОР поднимает процесс в новом виде, а не в старом	D	flang/self/conc.flang:2097 (замены у эталона нет); перезапуск после замены живёт только в flang/src/conc.mjs
hotswap.test.mjs	растущая оценка переноса — не помеха, а посчитанная цена: подставляется РАЗМЕР ТОГО САМОГО состояния	A2	flang/test/self-hotswap.test.mjs:292 (поле «перенос» сверяется без «витки»), сетка с настоящим состоянием :254-257
hotswap.test.mjs	та же замена под МАЛОЙ границей отвергается, и в отказе стоит посчитанное число	A2	flang/test/self-hotswap.test.mjs:323 (исход «перенос дороже на состоянии»), сетка :254
hotswap.test.mjs	снятый по кванту пробег достаётся новому виду целиком, а не наполовину	D	flang/self/conc.flang:39-45 (вытеснения по кванту эталон не делает); flang/src/emit/js/flang_conc.js:32-33
hotswap.test.mjs	сообщение, возвращённое «${действие}», делится между видами: 1 + 1 + 100 = 102	D	flang/self/conc.flang:2097 (поле «замены» всегда пусто), отметка «наСередине» есть только у flang/src/conc.mjs
hotswap.test.mjs	замена на нетронутом ящике «наСередине» не ставит: отметка различает случаи	D	flang/self/conc.flang:2091-2097; «наСередине» — поле итога свидетеля
hotswap.test.mjs	замена, назначенная за концом прогона, отвечает отказом, а не молчанием	D	код ЗАМЕНА_НЕ_ЛЕГЛА живёт в flang/src/conc.mjs, у flang/self/conc.flang:2097 замен нет вовсе
hotswap.test.mjs	замена проверяется и без состояния — тогда перенос обязан быть постоянным	A2	flang/test/self-hotswap.test.mjs:324 (исход «оценка переноса растёт»), сетка без состояния :247
poly.test.mjs	параметры типа попадают в AST только когда написаны	A2	flang/test/self-parser.test.mjs:223 (побайтовая сверка AST по всем .flang дерева), корпус :160; параметрический тип — flang/stdlib/optional.flang:50
poly.test.mjs	аргументы типа попадают в AST только когда написаны	A2	flang/test/self-parser.test.mjs:223; аргументы типа в дереве — flang/stdlib/optional.flang:6165, непараметрические имена типов повсеместно
poly.test.mjs	применение правоассоциативно и совпадает со скобочной записью	B	бесскобочного «Возможно» от «Возможно» от числа в дереве нет ни одного (есть только скобочное examples/monad/order-total.flang:58)
poly.test.mjs	«и» в поле варианта не съедается списком аргументов типа	B	формы «содержит п: «Пара» от числа и строки и метка: строка» в дереве нет
poly.test.mjs	параметры типа функции читаются тем же словом «от»	A2	flang/test/self-parser.test.mjs:223; flang/stdlib/lists.flang:89 («Длина» от «А»)
poly.test.mjs	одно объявление обслуживает две подстановки сразу	A1	flang/stdlib/optional.flang:58-63 (два примера «Обернуть» — на числе и на строке), :92-95
poly.test.mjs	монада выразима: «Возможно» от «Возможно» — тот же тип, а не второй	B	вложенное применение есть только в examples/monad/order-total.flang:58, а этого каталога нет в корпусе flang/test/self-types.test.mjs:188
poly.test.mjs	подстановка идёт вглубь: поле параметрической записи знает свой тип	B	отрицательная половина (FLANG_TYPE на параметрическом поле) в сломанном корпусе flang/test/self-types.test.mjs:1266-1277 отсутствует
poly.test.mjs	аргументы типа выводятся из значений, а не пишутся при вызове	A1	flang/stdlib/optional.flang:58-63 (примеры решают подстановку по входу), flang/stdlib/optional.flang:6165
poly.test.mjs	вывод ловит несовпадение подстановки, а не молчит	B	перенос в пример по образцу flang/self/otkazy-tipov.flang:18-21: исходник → код FLANG_TYPE
poly.test.mjs	несовпадение названо целиком — «Возможно» от строки, а не «Возможно»	B	текст диагностики о подстановке нигде не закреплён; переносится примером «исходник → сообщение»
poly.test.mjs	конструктор без полей берёт параметр из ожидаемого типа	A1	flang/stdlib/optional.flang:109-111 (пример «У пустого головы нет» ждёт вариант «Нет» при «Возможно» от числа)
poly.test.mjs	нерешаемый параметр назван, а не подставлен наугад	B	FLANG_TYPE_PARAM нет в списке кодов сломанного корпуса flang/test/self-types.test.mjs:1274-1277
poly.test.mjs	арность аргументов типа проверяется	B	FLANG_TYPE_ARGS нет в списке кодов сломанного корпуса flang/test/self-types.test.mjs:1274-1277
poly.test.mjs	параметр, названный именем объявленного типа, отвергается	B	FLANG_TYPE_PARAM; правило есть в flang/self/types.flang:2413, проверки на него нет
poly.test.mjs	параметр, названный дважды, отвергается	B	FLANG_TYPE_PARAM; правило есть в flang/self/types.flang:2388, проверки на него нет
poly.test.mjs	параметр вне своего объявления неизвестен, как любое чужое имя	B	FLANG_UNKNOWN_NAME на имени параметра вне объявления в корпусе не встречается
poly.test.mjs	псевдоним тоже параметрический и разворачивается с подстановкой	B	параметрического псевдонима («тип «Х» от «А» это …») в дереве нет ни одного
poly.test.mjs	полиморфный модуль проходит завершаемость и считает примеры	A1	flang/stdlib/optional.flang:54-63 (полиморфная функция с примерами; 27 примеров в файле)
poly.test.mjs	значение-функция в примере полиморфной функции больше не ложный отказ	A1	flang/stdlib/higher-order.flang:211-227 («Отобразить» от «А» и «Б», примеры с функция «Удвоить» и функция «Заглавная точка» — две подстановки)
poly.test.mjs	подстановка примера решается по входу и держит ответ	B	отрицательный пример полиморфной функции; переносится по образцу flang/self/otkazy-tipov.flang
poly.test.mjs	аргументы примера обязаны быть одной подстановкой	B	то же
poly.test.mjs	голый параметр в примере перестал быть дырой	B	то же
poly.test.mjs	подстановка идёт в поля варианта: «Есть» от числа хранит число	B	отрицательная половина; положительная закрыта flang/test/self-types.test.mjs:1756
poly.test.mjs	ожидаемое значение решает подстановку, когда аргументов нет вовсе	B	полиморфной функции без аргументов с примером в дереве нет
poly.test.mjs	непараметрическая функция проверяется ровно как раньше	B	дословный текст «пример «…»: аргумент «х» не соответствует типу число» нигде не закреплён
poly.test.mjs	восемь целей печатают полиморфный модуль, не зная о параметрах	A2	flang/test/self-emit-c.test.mjs:297 и корпус :261 (flang/stdlib), те же проверки у self-emit-go/js/rust/python/java/csharp/elixir
poly.test.mjs	две подстановки дают одну фабрику варианта, а не две	B	счёт вхождений фабрики в напечатанном тексте — отдельное измерение, побайтовой сверкой печати не держится
poly.test.mjs	«от» после имени типа не ломает вызов функции в теле	A2	flang/test/self-parser.test.mjs:223 и flang/test/self-types.test.mjs:204 (обычные вызовы «Ф» от х есть в каждом файле корпуса)
factcheck.test.mjs	подтверждаемое утверждение подтверждается и объясняется	A2	flang/test/self-factcheck.test.mjs:576 (JSON вердикта знак в знак, вместе со steps), :556 (подтверждённых больше 50)
factcheck.test.mjs	утверждение о поле факта не требует вычислений	A2	flang/test/self-factcheck.test.mjs:328 (утверждения «поле «…» факта «…» равно …»), сверка :576
factcheck.test.mjs	английская поверхность утверждений равноправна русской	A2	flang/test/self-factcheck.test.mjs:260-263 и :493 (модели .en.fts) — при собранном dist, см. :108
factcheck.test.mjs	опровергаемое утверждение объясняет, что и на каком факте не сошлось	A2	flang/test/self-factcheck.test.mjs:590-613 (опровержения тем же текстом, больше 50 штук)
factcheck.test.mjs	нарушение свойства утилиты объясняется, а не выдаётся за «ложь»	B	постусловия — вне среза вычислителя эталона; flang/test/self-factcheck.test.mjs:672 прямо требует, чтобы таких вызовов в корпусе НЕ БЫЛО
factcheck.test.mjs	нетотальная функция — отказ, а не попытка выполнить	A2	flang/test/self-factcheck.test.mjs:562-565 (в корпусе обязан быть отказ «не помечена как «тотальная»»)
factcheck.test.mjs	тотальная функция, зовущая нетотальную, тоже отклоняется	B	текст «через «…»» в требованиях корпуса flang/test/self-factcheck.test.mjs:561-571 не назван, попадание в корпус не гарантировано
factcheck.test.mjs	тотальная функция в той же программе продолжает работать	A2	flang/test/self-factcheck.test.mjs:556
factcheck.test.mjs	лимит шагов соблюдается и называется в объяснении	A2	flang/test/self-factcheck.test.mjs:615-626 (случай с урезанным бюджетом), корпус :402-433
factcheck.test.mjs	с достаточным бюджетом то же утверждение подтверждается	A2	flang/test/self-factcheck.test.mjs:556
factcheck.test.mjs	факты не изменяются вычислением	D	предмет — мутация объекта JavaScript; в flang значение неизменяемо по построению (законно исчезает)
factcheck.test.mjs	модуль факт-чекинга не обращается к файлам, сети, времени и случайности	D	проверка читает ТЕКСТ flang/src/factcheck.mjs (строка 316) и ищет в нём Date/fetch/node:fs; чистота в flang — свойство языка (законно исчезает)
factcheck.test.mjs	двойной прогон даёт побайтово одинаковый ответ	D	детерминизм реализации на JavaScript; в flang функция чиста по построению (законно исчезает). Порядок ответов = порядок утверждений держится flang/test/self-factcheck.test.mjs:576
factcheck.test.mjs	порядок фактов во входе не влияет на ответ	B	независимость ответа от порядка фактов — утверждение о значении, выражается примером над «Проверить факты» (flang/self/factcheck.flang)
factcheck.test.mjs	неразобранное утверждение — отказ с указанием ожидаемой формы	A2	flang/test/self-factcheck.test.mjs:568-571
factcheck.test.mjs	отсутствующий факт назван по имени	A2	flang/test/self-factcheck.test.mjs:567
factcheck.test.mjs	пустой список утверждений — ответ ok без результатов	B	пустого списка утверждений в корпусе нет (flang/test/self-factcheck.test.mjs:539 требует больше 200 утверждений)
factcheck.test.mjs	сломанная программа не роняет библиотеку, а даёт отказ	A2	flang/test/self-factcheck.test.mjs:480-488 (случайСломанной), сверка :576
factcheck.test.mjs	flang facts: подтверждённое утверждение — JSON в stdout и код 0	C	код возврата процесса и разделение stdout/stderr
factcheck.test.mjs	flang facts: опровергнутое утверждение — код 1, но JSON всё равно в stdout	C	код возврата процесса
factcheck.test.mjs	flang facts: лимит шагов передаётся ключом --steps	C	разбор ключа командной строки и код возврата
factcheck.test.mjs	flang facts: без --claims — диагностика в stderr и код 2	C	код возврата 2 и stderr
factcheck.test.mjs	flang facts: неверный JSON в --claims — код 2 и внятная диагностика	C	код возврата 2 и stderr
entry-doors.test.mjs	facts: годный факт считается, и утверждение подтверждается	A2	flang/test/self-factcheck.test.mjs:576 (вердикт целиком, включая список steps), :556
entry-doors.test.mjs	facts: отрицательное вместо «нат» — отказ, а не «подтверждено»	B	граница входа: корпус self-factcheck строит факты ИЗ примеров (:291-304), в тип они попадают всегда; переносится примером «факт вне типа → FLANG_TYPE»
entry-doors.test.mjs	facts: дробное вместо «нат» — отказ, а не приговор «опровергнуто»	B	то же; в flang/self/factcheck.flang проверки границы входа сегодня нет вовсе
entry-doors.test.mjs	facts: за потолком «нат» — отказ по ТИПУ, а не предел глубины	B	то же; главное утверждение двери — FLANG_TYPE вместо FLANG_RECURSION_LIMIT
entry-doors.test.mjs	facts: строка вместо «нат» — отказ про ВХОД, а не про операцию в теле	B	то же
entry-doors.test.mjs	facts: имя факта названо рядом с именем аргумента	B	текст ««н» ← факт «сколько»» нигде не закреплён
entry-doors.test.mjs	facts: утверждение без вызова функции границей не задето	A2	flang/test/self-factcheck.test.mjs:328 (утверждения о поле факта), :576
entry-doors.test.mjs	flang facts: ложь в файле фактов — код 1 и FLANG_TYPE в stdout	C	код возврата процесса и stdout
entry-doors.test.mjs	io: программа плана проходит проверку — сверять будем ВХОД, а не её	A2	flang/test/self-io.test.mjs:182 (настоящая программа с планом сверяется со свидетелем), :203
entry-doors.test.mjs	io: годный отклик хозяина доводит план до конца	B	цикл плана над СПИСКОМ откликов — чистая функция; flang/self/io.flang считает только статические FLANG_PLAN (flang/test/self-io.test.mjs:93)
entry-doors.test.mjs	io: ЧУЖОЙ вариант отклика — не ошибка типа, а работа программы	B	то же: разбор чужого варианта веткой «случай любое» — утверждение о значении
entry-doors.test.mjs	io: «Сбой» хозяина по-прежнему доходит до программы	B	то же
entry-doors.test.mjs	io: ложь хозяина про тип поля не доезжает до программы	B	сверка отклика со словарём — чистая функция от значения; переносится примером «отклик → FLANG_TYPE»
entry-doors.test.mjs	io: ничто вместо числа — тоже отказ на границе	B	то же
entry-doors.test.mjs	io: поля вовсе нет — отказ на границе, а не в глубине вычисления	B	то же
entry-doors.test.mjs	io: хозяин, вернувший не отклик, отвергается как и прежде	B	то же (FLANG_IO)
entry-doors.test.mjs	flang io: настоящий хозяин проходит границу насквозь	C	запуск процесса flang io и настоящие часы
entry-doors.test.mjs	repl: ложь про тип отвергается внятно и НЕ роняет сессию	C	порождение процесса, stdin/stderr, код возврата 1; корпус flang/test/self-repl.test.mjs таких вводов не содержит (:688 разбирает обещания repl.test.mjs, а не этого файла)
entry-doors.test.mjs	repl: потолок «нат» держится и на введённом человеком литерале	C	то же
preemption.test.mjs	без кванта задержка равна цене САМОГО долгого пробега	D	поле «витки» и опция «квант» есть только у flang/src/conc.mjs; flang/self/conc.flang:39-45 и :2097 вытеснения не делает, flang/src/emit/js/flang_conc.js:32-33 — тоже (законно исчезает)
preemption.test.mjs	квант даёт ЧЕРЕДОВАНИЕ: короткий успевает всё, пока долгий ещё считает	D	то же (законно исчезает)
preemption.test.mjs	ЧЕГО КВАНТ НЕ ДАЁТ: самый дорогой пробег остаётся ровно таким же	D	то же (законно исчезает)
preemption.test.mjs	переплата за переделанную работу не больше троекратной, и это считается	D	то же (законно исчезает)
preemption.test.mjs	исход, состояния и число доставок не зависят от кванта	D	то же (законно исчезает)
preemption.test.mjs	на одном кванте и одном семени журнал повторяется побайтово	D	то же (законно исчезает)
preemption.test.mjs	В4: `доигрывать` даёт ПОТОЛОК — ни один пробег не длиннее кванта	D	опция «доигрывать» есть только у flang/src/conc.mjs; flang/self/conc.flang:39-45 (законно исчезает)
preemption.test.mjs	В4: у доигрывания переплаты НЕТ ВОВСЕ — витков ровно столько же, сколько без вытеснения	D	то же (законно исчезает)
preemption.test.mjs	В4: цена потолка НАЗВАНА — пробег на паузе держит кадры стека, а переигрывание не держит ничего	D	поле «кадров» у flang/self/conc.flang:2097 всегда ноль (законно исчезает)
preemption.test.mjs	В4: доигрывание прозрачно — исход, состояния, живые, отказы и число доставок те же	D	то же (законно исчезает)
preemption.test.mjs	В4: доигрывание НЕ ломает тотальности — предел пробегов остаётся пределом	D	то же (законно исчезает)
preemption.test.mjs	В4: на одном кванте и одном семени доигрывание повторяется побайтово	D	то же (законно исчезает)
preemption.test.mjs	В4: ИЗЪЯТИЕ — без `доигрывать` тот же квант потолка не даёт	D	то же (законно исчезает)
bounded.test.mjs	оценка не занижена: факт не больше оценки на всех длинах входа	C	факт витков меряется двоичным поиском по maxSteps вычислителя (bounded.test.mjs:49-73); flang/test/self-bounded.test.mjs:22-27 прямо говорит, что обе стороны ничего не вычисляют
bounded.test.mjs	оценка не занижена и на функциях БЕЗ рекурсии, где запаса у неё нет вовсе	C	то же: замер витков двоичным поиском
bounded.test.mjs	оценка не грубее факта втрое: иначе её не с чем свести	C	то же
bounded.test.mjs	оценка называется числами и коэффициенты не плавают от прогона к прогону	B	числа «11·н + 12» и «6·н + 7» — закрепление значения, а не согласия двух сторон; выражается примером над «Текст оценки» (flang/self/bounded.flang)
bounded.test.mjs	цикл по РАЗДУТОМУ списку оценки не получает: длина цикла — не размер входа	A2	flang/test/self-bounded.test.mjs:718 (побайтово на нарочных программах) и :742 (все достижимые причины отсутствия оценки покрыты)
bounded.test.mjs	РАСТУЩИЙ аргумент рекурсии оценки не получает: спуск ограничивает глубину, не цену	A2	flang/test/self-bounded.test.mjs:718 и :742
bounded.test.mjs	составная функция оценки не получает, и это названная потеря, а не молчание	A2	flang/test/self-bounded.test.mjs:718 и :742
bounded.test.mjs	рекурсия по ЧИСЛУ оценки не получает, и причина названа точно	A2	flang/test/self-bounded.test.mjs:718 и :742
bounded.test.mjs	ВЕТВЯЩАЯСЯ рекурсия оценки не получает даже со спуском по данным	A2	flang/test/self-bounded.test.mjs:718 и :742 (вторая половина — рост витков вдвое — замер, см. C)
bounded.test.mjs	взаимная рекурсия оставлена, и сказано, что оставлена	A2	flang/test/self-bounded.test.mjs:770 («взаимная рекурсия» до отчёта не доезжает ни разу) и :718
bounded.test.mjs	размер входа — структурный: скаляр единица, список единица плюс части	A2	flang/test/self-bounded.test.mjs:404 (размер значения совпадает со свидетелем на всех формах литерала)
dead-code.test.mjs	улика: импорт тянет 29 функций, а от точки входа достижимы 2	B	достижимость — чистая функция от связанной программы; стороны на flang у flang/src/reachable.mjs нет вовсе, сверки self-* тоже нет
dead-code.test.mjs	числа улики: сколько строк и байт занимало недостижимое в C и в JS	B	размер напечатанного текста — значение; сверки для reachable.mjs нет
dead-code.test.mjs	flang emit печатает урезанную программу — и ни одного мёртвого имени	C	запуск процесса flang emit и сверка его вывода
dead-code.test.mjs	сколько выброшено — видно в выводе команды, а не только в байтах	C	поле «отброшено» в выводе команды
dead-code.test.mjs	программа без импортов: тот же объект и та же печать байт в байт	C	печать через процесс flang emit (половина про «тот же объект» — тождество ссылок JS, законно исчезает)
dead-code.test.mjs	отбрасывать нечего — программа возвращается тем же объектом	D	предмет — тождество ссылки объекта JavaScript (dropUnreachable(...) === программа); в flang ссылок нет (законно исчезает)
dead-code.test.mjs	ловушка: функция-значение — не вызов, а её выбрасывать нельзя	B	reachableFunctions — чистая функция от программы, выражается примером
dead-code.test.mjs	ловушка: обработчик и начальное состояние процесса — имена строкой	B	entryPoints/dropUnreachable — чистые функции от программы
dead-code.test.mjs	ловушка: постусловие и мера держат функцию живой	B	то же
dead-code.test.mjs	экспортирует входного модуля — объявленная поверхность программы	B	то же
dead-code.test.mjs	ведомость не урезается: проверка по-прежнему видит все функции	C	запуск flang check --proof --json
dead-code.test.mjs	урезанное собирается компилятором C и отвечает на свою точку входа	C	сборка cc и запуск бинарника
cli-emit.test.mjs	печать в C даёт рантайм, модуль и Makefile	C	запуск процесса flang emit, состав напечатанных файлов
cli-emit.test.mjs	печать в Go даёт go.mod и пакеты	C	то же
cli-emit.test.mjs	печать в JS даёт один модуль с экспортами и прогонщик	C	то же
cli-emit.test.mjs	--no-cli снимает прогонщик у JS — остаётся один самодостаточный модуль	C	ключ командной строки (следствие в тексте закрыто flang/test/self-emit-js.test.mjs:674)
cli-emit.test.mjs	без --out файлы уходят в stdout вместе с путями и ничего не пишут на диск	C	stdout и состояние файловой системы
cli-emit.test.mjs	--out записывает ровно то, что уходит в stdout, и создаёт каталоги	C	запись файлов и создание каталогов
cli-emit.test.mjs	--out разворачивает и вложенные пути бэкенда	C	то же
cli-emit.test.mjs	неизвестная цель — диагностика с перечислением доступных, а не падение	C	код возврата 2 и stderr
cli-emit.test.mjs	цель обязательна, и отказ сразу называет доступные	C	код возврата 2 и stderr
cli-emit.test.mjs	отсутствующий файл — диагностика в stderr и ненулевой код	C	код возврата 1, файловая система
cli-emit.test.mjs	неизвестная цель проверяется до разбора файла	C	порядок работы процесса
cli-emit.test.mjs	--no-cli убирает прогонщик, --cli оставляет	C	ключи командной строки
cli-emit.test.mjs	--index-base и --max-depth доезжают до бэкенда	C	проводка ключей CLI (следствие в тексте закрыто flang/test/self-emit-c.test.mjs:825)
cli-emit.test.mjs	негодные значения ключей — отказ вызова, а не тихая подстановка	C	код возврата 2
cli-emit.test.mjs	печать из CLI совпадает с программным вызовом бэкенда до байта	D	второй путь — программный вызов модуля JavaScript emitC/emitGo/emitJs; после выброса JS второго входа нет (законно исчезает)
cli-emit.test.mjs	--cli в CLI — это { cli: true } в вызове бэкенда	D	то же: сверка с прямым вызовом модуля JavaScript (законно исчезает)
cli-emit.test.mjs	список целей — это каталог src/emit, а не перечень в CLI	D	предмет — каталог flang/src/emit как реестр целей (названо в определении D; законно исчезает)
cli-emit.test.mjs	бэкенд подключается по имени файла и соглашению emit<Цель>	D	предмет — соглашение об именах модулей JavaScript и тождество функций (loadEmitter("c").emit === emitC); законно исчезает
cli-emit.test.mjs	новый бэкенд в src/emit подхватывается без правок CLI	D	то же: реестр строится по каталогу flang/src/emit (законно исчезает)
cli-emit.test.mjs	программу, которую check отвергает, emit не печатает вовсе	C	код возврата 1, пустой stdout
cli-emit.test.mjs	отказ печати называет ТЕ ЖЕ диагностики, что и check, — а не свои	C	сверка двух запусков процесса
cli-emit.test.mjs	--no-check печатает непроверенное — и печатает то же, что печатал до проверки	C	ключ командной строки
cli-emit.test.mjs	--no-check у чужой команды — отказ вызова, а не ничего не делающий ключ	C	код возврата 2 у трёх команд
cli-emit.test.mjs	программа со связыванием модулей печатается целиком	C	файловая система (три файла в каталоге) и запуск процесса
cli-emit.test.mjs	без связывания та же программа не печатается вовсе — значит, печать идёт через loadProgram	C	поведение команды; отказ печати сам по себе закрыт flang/test/self-emit-js.test.mjs:783
cli-emit.test.mjs	программа с модулями: emit --target c → cc -std=c99 -Werror -pedantic → запуск	C	сборка компилятором C и запуск бинарника
cli-emit.test.mjs	ядро FTS из flang/core печатается в C и собирается	C	сборка компилятором C и запуск бинарника
comparison-guard.test.mjs	на дереве репозитория сторож чист	D	предмет — предобработка свидетеля на JavaScript (markMeasureGuards/markProven) внутри flang/test/self-*.test.mjs; вместе со свидетелем исчезают и сверки, и стеречь становится нечего (законно исчезает)
comparison-guard.test.mjs	обход доходит до всех сверок эталона, а не молчит по недосмотру	D	обход ищет файлы flang/test/self-*.test.mjs и вызовы модулей JavaScript (законно исчезает)
comparison-guard.test.mjs	сторож ЛОВИТ узор, ради которого написан: одна отметка переднего края из двух	D	узор — выражение emitC(markMeasureGuards(…)) на JavaScript (законно исчезает)
comparison-guard.test.mjs	сторож МОЛЧИТ, когда обе отметки переднего края на месте	D	то же (законно исчезает)
comparison-guard.test.mjs	правило пары спрашивается только там, где программу получает ПЕЧАТНИК	D	то же; улика — flang/test/self-totality.test.mjs и flang/test/self-emit-c.test.mjs (законно исчезает)
comparison-guard.test.mjs	сторож ЛОВИТ прятки: предобработка есть, а довода нет	D	то же (законно исчезает)
comparison-guard.test.mjs	сторож ЛОВИТ довод, не отвечающий на единственный вопрос	D	то же (законно исчезает)
comparison-guard.test.mjs	сторож ЛОВИТ короткий довод — «так исторически» доводом не считается	D	то же (законно исчезает)
comparison-guard.test.mjs	поимённый список краснеет В ОБЕ СТОРОНЫ	D	список ПРЕДОБРАБОТКА перечисляет файлы flang/test/self-*.test.mjs (законно исчезает)
comparison-guard.test.mjs	каждая запись списка называет файл и набор преобразователей, а не «прочее»	D	ПРЕОБРАЗОВАТЕЛИ — имена функций JavaScript из flang/src (законно исчезает)
diagnostics-repair.test.mjs	сдвинутое под «модуль» объявление: сообщение называет отступ и левый край	B	наличие лекарства в тексте не держится двусторонней сверкой; переносится примером «исходник → сообщение» по образцу flang/self/otkazy-tipov.flang
diagnostics-repair.test.mjs	имя «${слово}» совпало со словом языка: сообщение называет и занятость, и ёлочки	B	то же
diagnostics-repair.test.mjs	лишнее слово в форме: то же сообщение велит его убрать	B	то же
diagnostics-repair.test.mjs	слово языка у левого края: сообщение перечисляет объявления и напоминает про отступ	B	то же
diagnostics-repair.test.mjs	«умножить 3.14 на р»: сообщение называет инфиксный порядок	A2	flang/test/self-parser.test.mjs:1086-1091 (дословный текст FLANG_UNKNOWN_NAME, включая «3.14 умножить на р»)
diagnostics-repair.test.mjs	проверка типов говорит о несвязанном имени тем же текстом, что разбор	B	согласие сторон закрыто flang/test/self-types.test.mjs:1243, но совпадение текста разбора и текста типизации — отдельное утверждение
diagnostics-repair.test.mjs	имя в ёлочках как значение примера: сообщение требует слово 'вариант'	B	текст лекарства нигде не закреплён
diagnostics-repair.test.mjs	условие в «случай»: сообщение перечисляет образцы и отсылает к 'если'	B	то же
host-browser.test.mjs	приложение показывает начальное состояние, не дожидаясь человека	D	предмет — flang/src/host/browser.mjs и подставной документ браузера (страница.js в файле, строка 41); названо в определении D
host-browser.test.mjs	нажатие человека доходит до программы и меняет то, что на экране	D	то же: подставной документ и очередь макрозадач Node
host-browser.test.mjs	часы будят план сами: «бег» считает без единого нажатия	D	то же: setTimeout подставного окна
host-browser.test.mjs	нажатия, случившиеся пока план считал, не теряются	D	то же: копилка событий хозяина на JavaScript
host-browser.test.mjs	места на странице нет — отклик «Сбой», а не падение вкладки	D	то же: querySelector подставного документа
host-browser.test.mjs	хозяин браузера отвечает на КАЖДОЕ поручение словаря, и ни одно не остаётся без ответа	D	предмет — таблица ответов хозяина на JavaScript (flang/src/host/browser.mjs)
corpus-runaway.test.mjs	каждая названная убегающая точка и правда упирается в предел у свидетеля	C	предел шагов вычислителя (названо в определении C)
corpus-runaway.test.mjs	ни одна неназванная точка корпуса в предел шагов не упирается	C	предел шагов на сетке из 2000+ точек
corpus-runaway.test.mjs	на каждой названной точке напечатанный движок исчерпывает ПРЕДЕЛ_УБЕГАЮЩЕЙ	C	предел шагов у напечатанного кода
corpus-runaway.test.mjs	цена одинакового предела: шаг напечатанного движка крупнее шага свидетеля	C	замер витков двоичным поиском и отношение счётчиков двух движков
emit-wal.test.mjs	корпус для восьми целей собран целиком	C	оснастка: размер корпуса flang/test/wal-corpus.mjs
emit-wal.test.mjs	${цель.id}: напечатанный журнал читает корпус так же, как вычислитель	C	печать в цель, сборка её компилятором и запуск прогонщика (восемь тулчейнов)
emit-bidi.test.mjs	ни одна цель печати не выводит двунаправленные управляющие сырыми	B	экранирование — чистая функция от программы; закрыто сверкой только у Go (flang/test/self-emit-go.test.mjs:609), у семи остальных целей — нет
precondition.test.mjs	предусловие едет в AST своим полем, и `результат` в нём не связан	A2	flang/test/self-parser.test.mjs:223 — побайтовая сверка AST на всех .flang дерева, включая flang/proof/examples/precondition.flang (поля preconditions/name/code/expr и отсутствие bind входят в JSON)
precondition.test.mjs	предусловия у функции нет — и поля в AST нет тоже	A2	flang/test/self-parser.test.mjs:223 — тот же побайтовый корпус: любая функция без `требует` обязана дать прежний AST
precondition.test.mjs	`результат` внутри предусловия — несвязанное имя, а не молчаливо принятое	B	FLANG_UNKNOWN_NAME приезжает значением; образец переноса — flang/self/otkazy-tipov.flang:14 («Код отказа типов»)
precondition.test.mjs	предусловие обязано быть признаком	B	FLANG_TYPE + текст; тот же образец otkazy-tipov.flang; предусловия читает и flang/self/types.flang:6054
precondition.test.mjs	подделка: вызов, который предусловия не снимает, отвергнут и назван	A2	flang/test/self-proof-po-vyzovu.test.mjs:294 (ПОДДЕЛКА 3) — эталон обязан дать FLANG_PRECONDITION_CALL, коды и места сверяются побайтово (:143). Программа другая, правило и код те же; ТЕКСТ отказа там нарочно не сверяется
precondition.test.mjs	подделка: вызов с замкнутым, но ЛОЖНЫМ аргументом — отвергнут вычислением	B	двойника нет: ни один self-* не подаёт эталону замкнутую ложную инстанцию. «Снять предусловия» у эталона есть — flang/self/proofterm.flang:2671
precondition.test.mjs	годный вызов снимается — обоими правилами, и это не одно и то же	A2	flang/test/self-proof-po-vyzovu.test.mjs:335 (ОПЛАТА, sites/discharged побайтово) + self-proofterm.test.mjs:859 на flang/proof/examples/precondition.flang. Снятие ВЫЧИСЛЕНИЕМ (литерал) двойника не имеет
precondition.test.mjs	ИЗЪЯТИЕ: снимите `требует` — и доказательство базы краснеет	B	две программы (с строкой и без) с примерами на код отказа — образец flang/self/otkazy-totalnosti.flang
precondition.test.mjs	ИЗЪЯТИЕ: предусловие, не доехавшее до обязательства, теорему не спасает	B	первая половина (assumptions.length===1) держится self-obligations.test.mjs:231 побайтово на корпусе; вторая половина — обрыв провода — выражается отображением списка обязательств в flang
precondition.test.mjs	подделка: замкнутое предусловие отвергнуто — из лжи следует что угодно	B	FLANG_PRECONDITION типизатора; в корпусе дерева замкнутых предусловий нет, двойника нет
precondition.test.mjs	невыполнимое предусловие ПРИ параметре запирает функцию, а не выпускает ложь	B	оба конца — «Снять предусловия» и граница интерпретатора — есть на flang; двойника нет
precondition.test.mjs	вне индукции: цель с телом сводится к предусловию, а вычитание — не сводится	A2	self-proofterm.test.mjs:859 через flang/proof/examples/precondition.flang («Удвоить» доказана, «Сколько дополнить» — нет). Третья программа (умножение) двойника не имеет
precondition.test.mjs	«по предположению» без индукции и без предусловий — по-прежнему отказ	A2	self-proofterm.test.mjs, ДУРНЫЕ:229 «FLANG_PROOF_INDUCTION_STEP: «по предположению» вне индукции» — код и ТЕКСТ сверяются побайтово
precondition.test.mjs	граница: вход снаружи проверяется вычислением, и отказ называет требование	B	предмет — интерпретатор (flang/self/interpret.flang); ни один self-* не гоняет FLANG_PRECONDITION на границе
precondition.test.mjs	граница ровно одна: рекурсивный вызов внутри программы её не проходит	B	то же; двойника нет
precondition.test.mjs	цена предусловия в восьми целях печати названа числом и измерена	A2	«предусловия на двери» во всех восьми: self-emit-c:772, self-emit-csharp:548, self-emit-elixir:486, self-emit-go:711, self-emit-java:618, self-emit-js:621, self-emit-python:585, self-emit-rust:681 — печать двери сверяется побайтово. Восемь ЧИСЕЛ (477/387/369/462/349/1654/334/452) двойника не имеют
precondition.test.mjs	программа без `требует` печатается побайтово как прежде — во все восемь целей	A2	те же восемь тестов: вторая функция «Соседка» без договора стоит в них нарочно и сверяется побайтово (self-emit-go.test.mjs:733)
precondition.test.mjs	«цель есть допущение» снимает вызов у того, кто допускает ТО ЖЕ САМОЕ	A2	self-proof-po-vyzovu.test.mjs:335 — ОПЛАТА закрывается ровно этим ходом, sites/discharged побайтово
precondition.test.mjs	ПОДДЕЛКА допущением: ложь тем же предикатом отвергнута кодом FLANG_PRECONDITION_CALL	B	две подделки («Ложь пустотой», «Ложь чужим именем»); эталону их не подаёт никто
precondition.test.mjs	`требует «непуст»` снимает место частичной формы у `голова`: 1 → 0	B	«Мест частичных форм» есть у эталона (flang/self/failures.flang:765) и уточнение читается (flang/self/types.flang:6054), но в корпусе self-failures.test.mjs:587 нет ни одной функции с `требует` и частичной формой
precondition.test.mjs	ПОДДЕЛКИ уточнения: чужое имя, другая проверка и выражение вместо имени — место остаётся	B	три подделки; двойника нет по той же причине
precondition.test.mjs	ОПЛАТА НА ГРАНИЦЕ: снятый сторож не значит, что пустой список пройдёт	B	граница интерпретатора; двойника нет
precondition.test.mjs	АКСИОМЫ ядра остались пусты: предусловие — допущение автора, а не аксиома	A2	self-proof-kernel.test.mjs:294, self-proofterm.test.mjs:1088, self-obligations.test.mjs:293 — у эталона слова «аксиома» нет вне названных доводов. `Object.isFrozen` — единственная половина без замены
precondition.test.mjs	узкая рефлексивность: `(длина элементы) не больше (длина элементы)` СНИМАЕТСЯ на внешнем вызове	B	правило 4 у эталона есть, но эту цель через «Снять предусловия» ему не подаёт никто
precondition.test.mjs	ПОДДЕЛКА «не число»: та же форма при типе `число` остаётся ОТВЕРГНУТОЙ	A2	self-proof-kernel.test.mjs:1581 «П: не-число не больше себя» + порождённый корпус (:339) с литералами NaN — то же правило 4, случай ТОЖДЕСТВО. Программа другая
precondition.test.mjs	ЧЕГО УЗКОЙ ФОРМЫ НЕ ХВАТАЕТ — сказано числом: у «Сумма до места» это 1 место из 2	B	счёт мест снятия значением; двойника нет
precondition.test.mjs	узкая, а не общая: у ядра нет рефлексивности по ОБЪЯВЛЕННОМУ типу	B	граница хода числом; двойника нет
precondition.test.mjs	АКСИОМЫ пусты и после узкой рефлексивности	A2	дословный дубль предыдущего теста об аксиомах; та же улика (self-proof-kernel.test.mjs:294)
proof-cases.test.mjs	БЕРЁТ: база и шаг сведены ядром — список случаев назван целиком	A2	self-proofterm.test.mjs:859 — побайтовая сверка полного ответа checkProofs (поля by/cases/induction) на 240+ программах дерева
proof-cases.test.mjs	БЕРЁТ: встроенный список — тот же принцип, два образца вместо вариантов	A2	self-proofterm.test.mjs:859 — тот же корпус; «Разбором по случаям» у эталона: flang/self/proofterm.flang:2136
proof-cases.test.mjs	ПОДДЕЛКА: шаг зовёт себя на ПОСТРОЕННОМ заново значении — не доказано	B	двойника нет: в ДУРНЫХ self-proofterm такой программы нет
proof-cases.test.mjs	ПОДДЕЛКА: шаг зовёт себя на ЧУЖОМ параметре — не доказано	B	двойника нет
proof-cases.test.mjs	ПОДДЕЛКА: базы нет ни одной — вывод опёрся бы только на себя, не доказано	B	двойника нет
proof-cases.test.mjs	ПОДДЕЛКА: цель на не-числе — «NaN не больше NaN» осталась отвергнутой	B	двойника нет на пути «Разбором по случаям» (у self-proof-kernel NaN подаётся прямо в «Свести»)
proof-cases.test.mjs	РАЗЛИЧАЕТ: тождество на не-числе берётся, порядок — нет	B	двойника нет по той же причине
proof-cases.test.mjs	ИЗЪЯТИЕ названо: до правила обязательство приезжает ОТКРЫТЫМ	A2	self-obligations.test.mjs:231 — обязательства сверяются побайтово на всём корпусе, поле discharge входит в сверку
proof-forms.test.mjs	тело-условие: цель делится по условию и закрывается БЕЗ теоремы	A2	self-proofterm.test.mjs, ДУРНЫЕ:497 («Так или так» — цель, закрытая разбором по условию), сверка кода/текста/слов побайтово
proof-forms.test.mjs	ПОДДЕЛКА ПОЛОВИНОЙ: правда только в ветви «то» — ядро не берёт	A2	self-proofterm.test.mjs, ДУРНЫЕ:372 «половина условия стала литералом «нет», то есть ЛОЖЬЮ»
proof-forms.test.mjs	ИЗЪЯТИЕ подделки: честное утверждение о той же функции ядро берёт	A2	self-proofterm.test.mjs, ДУРНЫЕ:497 — та же программа держит положительную сторону хода
proof-forms.test.mjs	условие ПОД СВЯЗЫВАТЕЛЕМ не берётся: под свёрткой у него нет одного значения	B	синтетический терм подаётся прямо в `свести`; эталону его не подаёт ни один self-*
proof-forms.test.mjs	предел ветвления назван числом и говорит о себе в отказе	A2	self-proofterm.test.mjs, ДУРНЫЕ:497 («Пятеро» — пять вложенных условий при пределе четыре), текст отказа сверяется знак в знак
proof-forms.test.mjs	тело-свёртка: посылки читаются с начала и витка, и вердикт называет свёртку	A2	self-proof-initial.test.mjs:587 (ПРИНЦИП ЦЕЛИКОМ побайтово на всех доказательствах корпуса) + self-proofterm.test.mjs:859
proof-forms.test.mjs	ПОДДЕЛКА СВЁРТКОЙ: утверждение про СПИСОК инвариантом накопителя не доказывается	A2	self-proofterm.test.mjs, ДУРНЫЕ:409 — та же программа дословно
proof-forms.test.mjs	ПОДДЕЛКА ЗАХВАТОМ СВЁРТКИ: накопитель, названный именем параметра, — отказ по имени	A2	self-proofterm.test.mjs, ДУРНЫЕ:424 — та же программа дословно
proof-forms.test.mjs	ИЗЪЯТИЕ: тело-вызов посылок по-прежнему не даёт, и отказ называет ОБЕ читаемые формы	A2	self-proofterm.test.mjs, ДУРНЫЕ:222 «FLANG_PROOF_INDUCTION_BRANCH: тело не разбирает переменную индукции»
proof-forms.test.mjs	сличение по вызову: постусловие инстанцируется по месту вызова и закрывает цель	A2	self-proofterm.test.mjs, ДУРНЫЕ:463 + тест :1076 «ХОД СЕДЬМОЙ» — та же программа дословно
proof-forms.test.mjs	ПОДДЕЛКА БЕЗ ВЫЗОВА: сослаться на постусловие функции, которую не зовут, нельзя	A2	self-proofterm.test.mjs, ДУРНЫЕ:268 + тест :1039 — «нет ни одного вызова», текст сверяется знак в знак
proof-forms.test.mjs	ПОДДЕЛКА РАЗНОСТЬЮ: ссылка не разрешение — из факта обязано быть сведено заключение	A2	self-proofterm.test.mjs, ДУРНЫЕ:476 + тест :1039 — та же программа дословно, причина «вычитания в этом списке нет»
proof-forms.test.mjs	ПОДДЕЛКА ЧУЖИМ УТВЕРЖДЕНИЕМ: шаг обязан закрывать заключение, а не соседнюю правду	A2	self-proofterm.test.mjs, ДУРНЫЕ:488 + тест :1039 — та же программа дословно, причина «не заключение этого места»
proof-forms.test.mjs	круг остаётся кругом: ссылка на доказываемое сейчас постусловие отвергнута	A2	self-proofterm.test.mjs, ДУРНЫЕ:262 «FLANG_PROOF_STEP: «по свойству» на саму доказываемую цель»
proof-forms.test.mjs	аксиом у ядра по-прежнему НОЛЬ: три хода прибавились, список остался пуст	A2	self-proofterm.test.mjs:1088 — у эталона слова «аксиома» нет. `Object.isFrozen` замены не имеет
proof-po-vyzovu.test.mjs	ПОДДЕЛКА 1 (круг прямой): постусловие функции не доказывает само себя	A2	flang/test/self-proof-po-vyzovu.test.mjs:181 — ТА ЖЕ программа, ответы двух ядер знак в знак
proof-po-vyzovu.test.mjs	ПОДДЕЛКА 2 (круг взаимный): два шага — тот же круг, и он тоже закрыт	A2	self-proof-po-vyzovu.test.mjs:210 — та же программа
proof-po-vyzovu.test.mjs	ход РАБОТАЕТ, когда круга нет: та же форма без цикла закрывается	A2	self-proof-po-vyzovu.test.mjs:247 — та же программа
proof-po-vyzovu.test.mjs	ПОДДЕЛКА 3 (неоплаченное «требует»): факт не берётся, и место названо кодом	A2	self-proof-po-vyzovu.test.mjs:294 — та же программа, FLANG_PRECONDITION_CALL печатают оба ядра
proof-po-vyzovu.test.mjs	оплаченное «требует»: тот же вызов, за который заплатили, факт даёт	A2	self-proof-po-vyzovu.test.mjs:335 — та же программа
proof-po-vyzovu.test.mjs	ПОДДЕЛКА 4 (не по имени, а по ребру): одноимённое постусловие чужой функции не берётся	A2	self-proof-po-vyzovu.test.mjs:377 — та же программа
proof-po-vyzovu.test.mjs	ПОДДЕЛКА 5 (цель на НЕ-ЧИСЛЕ): непроверенное постусловие ход не берёт	A2	self-proof-po-vyzovu.test.mjs:418 — та же программа
proof-po-vyzovu.test.mjs	ПОДДЕЛКА 6 (верно лишь на непустом): постусловие без «требует» ход не берёт	A2	self-proof-po-vyzovu.test.mjs:450 — та же программа
proof-po-vyzovu.test.mjs	ход НИЧЕГО не отбирает: цель, закрытая без него, закрыта и с ним	A2	self-proof-po-vyzovu.test.mjs:470 — та же программа
proof-ravno.test.mjs	ПОДДЕЛКА чужим именем: свёртка идёт по «элементы», а справа длина «другие» — не выведено	B	двойника нет: правило `свёрткаРовноНаОдин` (flang/proof/reduce.mjs:2097 / flang/self/proof-kernel.flang:2764) эталону подделками не подаётся; МЕРА СПИСКА в self-proof-kernel.test.mjs:1581 бьёт по ДРУГОМУ правилу — `свёрткаНеБыстрееСписка` (reduce.mjs:1948)
proof-ravno.test.mjs	ПОДДЕЛКА непустотой: на пустом входе длина 0, а не 1 — не выведено	B	двойника нет, та же причина
proof-ravno.test.mjs	ПОДДЕЛКА минус нулём: «0 плюс х» против «х» — расходятся ровно на минус нуле	B	двойника нет: порождённый корпус self-proof-kernel.test.mjs:339 держит литерал −0, но цели «0 плюс х равно х» в нём нет
proof-ravno.test.mjs	ПОДДЕЛКА ассоциативностью: переставлять ЧЕРЕЗ СКОБКИ нельзя — в IEEE-754 это ложь	B	двойника нет: «Одинаковы до порядка соседей» (proof-kernel.flang:467) подделкой на ассоциативность не проверяется нигде
proof-ravno.test.mjs	ПОДДЕЛКА шагом на два: близнец берёт только шаг РОВНО на один	B	двойника нет (у МЕРЫ СПИСКА есть одноимённая «П: свёртка растёт вдвое», но она про правило порядка)
proof-ravno.test.mjs	ПОДДЕЛКА началом: начало свёртки не ноль, а справа его нет — не выведено	B	двойника нет, та же причина
proof-ravno.test.mjs	ТАВТОЛОГИЯ закрывается даром, и это НЕ прирост доказанности	A2	self-proof-kernel.test.mjs:339 — порождённый корпус ставит каждое выражение против самого себя в цели `равно` (7888+ утверждений)
proof-ravno.test.mjs	ЧЕСТНОЕ закрывается: свёртка ровно на один и перестановка соседей	A2	self-proofterm.test.mjs:859 через flang/stdlib/dictionary.flang:185 («ключей ровно столько, сколько связей») — положительная сторона того же правила
proof-kernel-reference.test.mjs	каждая функция ядра объявлена тотальной и доказана анализом	B	flang/proof/kernel.flang не входит в корпус self-totality.test.mjs:346 (там stdlib, core, leetcode, self); «Проверить тотальность» есть у эталона — образец переноса flang/self/otkazy-totalnosti.flang
proof-kernel-reference.test.mjs	рекурсия ядра несётся СТРУКТУРОЙ: сторожей в рантайме ноль	B	то же: guards/descents/structures/cycles приезжают значением, но kernel.flang в корпусе сверки нет
proof-kernel-reference.test.mjs	все примеры ядра сходятся: эталон считает то, что обещает	A1	flang/proof/kernel.flang — 31 `пример «…»` (строки 85–376); их гоняет `flang check`/`flang test`
proof-kernel-reference.test.mjs	ядро печатается в JavaScript — значит живёт не только в интерпретаторе	B	печать отдаёт файлы значением (flang/self/emit-js.flang); kernel.flang в корпусе self-emit-js не проверяется отдельно
proof-kernel-reference.test.mjs	слабейшее побеждает: проверено на всех девяти парах вердиктов	A1	flang/proof/kernel.flang:85–101 — пять примеров у «Слабее»; до полной таблицы девяти пар не хватает четырёх примеров, дописываются в тот же файл
proof-kernel-reference.test.mjs	вердикты эталона и свидетеля совпали на всех порождённых термах	B	свидетель — функция `свидетельскийВердикт`, написанная в самом тесте на JavaScript, а не модуль flang/src; второе прочтение переписывается на flang, перебор 3000+ термов выражается функцией с одним `пример «расхождений ноль»`
proof-kernel-reference.test.mjs	вердикты принципа индукции совпали у эталона, свидетеля и свёртки принципа	B	то же; третье прочтение `свернутьПринцип` берётся из flang/src/proofterm.mjs, у эталона flang/self/proofterm.flang есть своё
proof-kernel-reference.test.mjs	сверка принципа умеет краснеть: подменённое покрытие ловится	B	ломается СВИДЕТЕЛЬСКОЕ правило, написанное в тесте; переносимо вместе со свидетелем
proof-kernel-reference.test.mjs	сверка умеет краснеть: подменённое правило свода ловится	B	то же
plans-corpus.test.mjs	корпус: программ в нём столько, сколько заявлено, и целых среди них две	C	readdirSync по flang/test/fixtures/plany (corpus-plans.mjs:49) — опись каталога, снаружи языка
plans-corpus.test.mjs	корпус: у каждого сломанного случая ровно одна диагностика FLANG_PLAN	B	счёт диагностик значением; «Проверить планы» есть у эталона — flang/test/self-io.test.mjs:94
plans-corpus.test.mjs	корпус: кроме FLANG_PLAN не поднимается ничего, кроме названного поимённо	B	то же — список кодов значением
plans-corpus.test.mjs	корпус: все двенадцать веток ctx.report свидетеля достигнуты	C	охват веток свидетеля flang/src/io.mjs (список ВЕТКИ_СВИДЕТЕЛЯ в corpus-plans.mjs)
plans-corpus.test.mjs	корпус: все четыре применения сверитьИмяТипа достигнуты порознь	C	охват применений внутри свидетеля (ПРИМЕНЕНИЯ_СВЕРКИ)
plans-corpus.test.mjs	корпус: обе ветви типОдним достигнуты — у типа без имени в сообщение уезжает слово	C	охват ветвей свидетеля (СЛОВА_БЕЗ_ИМЕНИ)
plans-corpus.test.mjs	корпус: сообщения сломанных случаев попарно различны	B	попарное сличение строк — обычная функция flang над списком исходников
plans-corpus.test.mjs	корпус: улика числом — веток достигнуто столько, сколько их в свидетеле	C	охват веток свидетеля числом
cat-functor.test.mjs	функтор, сохраняющий устройство, проходит проверку	B	переносимо ФОРМОЙ (диагностика значением), но предмета на стороне flang НЕТ: законов функтора в flang/self/types.flang не реализовано ни одного (FLANG_FUNCTOR_* живёт только в flang/src/types.mjs:2849–2983)
cat-functor.test.mjs	образ стрелки обязан вести из образа домена в образ кодомена	B	FLANG_FUNCTOR_ARROW_MISMATCH — только flang/src/types.mjs:2897; на стороне flang проверки нет
cat-functor.test.mjs	объект без образа ловится там, где его не с чем согласовать	B	FLANG_FUNCTOR_OBJECT_MISSING — только flang/src/types.mjs:2887
cat-functor.test.mjs	отображение объектов однозначно: второй образ — ошибка, а не победа последнего	B	FLANG_FUNCTOR_OBJECT_TWICE — только flang/src/types.mjs:2849
cat-functor.test.mjs	образ композиции обязан быть композицией образов в том же порядке	B	FLANG_FUNCTOR_COMPOSITION — только flang/src/types.mjs:2914
cat-functor.test.mjs	образ композиции, объявленный простой стрелкой, композицией не считается	B	FLANG_FUNCTOR_COMPOSITION — только flang/src/types.mjs:2933
cat-functor.test.mjs	образ единицы обязан быть единицей образа	B	FLANG_FUNCTOR_IDENTITY — только flang/src/types.mjs:2948
cat-functor.test.mjs	единица, которую функтор не отображает, законом не считается нарушенной	B	граница закона (молчание); предмета на стороне flang нет
cat-functor.test.mjs	несуществующий морфизм в отображении назван по имени	B	FLANG_UNKNOWN_NAME из блока функтора — только flang/src/types.mjs
cat-functor.test.mjs	имена НЕОБЪЯВЛЕННЫХ категорий остаются пометкой: выдуманная проверку не роняет	B	граница честности (молчание); предмета на стороне flang нет
cat-bifunctor.test.mjs	бифунктор, сохраняющий устройство по обоим входам, проходит проверку	B	FLANG_BIFUNCTOR_* живёт только в flang/src/types.mjs:3169–3288; в flang/self/types.flang нет ни одного; программ с `бифунктор` в дереве нет вовсе
cat-bifunctor.test.mjs	образ пары стрелок обязан вести из образа пары доменов в образ пары кодоменов	B	FLANG_BIFUNCTOR_ARROW_MISMATCH — только flang/src/types.mjs:3223
cat-bifunctor.test.mjs	пара объектов без образа ловится там, где её не с чем согласовать	B	FLANG_BIFUNCTOR_OBJECT_MISSING — только flang/src/types.mjs:3212
cat-bifunctor.test.mjs	отображение пар однозначно: второй образ одной пары — ошибка	B	FLANG_BIFUNCTOR_OBJECT_TWICE — только flang/src/types.mjs:3169
cat-bifunctor.test.mjs	порядок пары значим: «А» и «Б» — не то же самое, что «Б» и «А»	B	ключ отображения — упорядоченная пара; проверка только в flang/src/types.mjs
cat-bifunctor.test.mjs	образ пары композиций обязан быть композицией образов в том же порядке	B	FLANG_BIFUNCTOR_COMPOSITION — только flang/src/types.mjs:3246
cat-bifunctor.test.mjs	образ пары композиций, объявленный простой стрелкой, композицией не считается	B	FLANG_BIFUNCTOR_COMPOSITION — только flang/src/types.mjs:3266
cat-bifunctor.test.mjs	пара, из которой собрана композиция, обязана быть отображена — иначе закон проверять не на чем	B	FLANG_BIFUNCTOR_COMPOSITION — только flang/src/types.mjs:3257
cat-bifunctor.test.mjs	образ пары единиц обязан быть единицей образа пары	B	FLANG_BIFUNCTOR_IDENTITY — только flang/src/types.mjs:3288
cat-bifunctor.test.mjs	пара единиц, которую бифунктор не отображает, законом не считается нарушенной	B	граница закона (молчание); предмета на стороне flang нет
cat-bifunctor.test.mjs	смешанный случай закон композиции не трогает — и это сказано вслух	B	названная граница (молчание); предмета на стороне flang нет
cat-bifunctor.test.mjs	несуществующий морфизм в паре назван по имени	B	FLANG_UNKNOWN_NAME из блока бифунктора — только flang/src/types.mjs
cat-bifunctor.test.mjs	имена категорий у бифунктора остаются пометкой, как и у функтора	B	граница честности (молчание); предмета на стороне flang нет
cat-bifunctor.test.mjs	английская поверхность даёт тот же разбор	B	предмет — разбор, он есть у эталона (flang/self/parser.flang:4030 «Разобрать бифунктор»), но программ с `бифунктор` в побайтовом корпусе self-parser.test.mjs:223 нет ни одной
flang/test/totality.test.mjs	длина списка через хвост признаётся тотальной	A1	flang/stdlib/lists.flang:89 «Длина» — тотальная, рекурсия по хвосту образца, примеры 93-101; дубль flang/test/self-totality.test.mjs:612
flang/test/totality.test.mjs	хвост через встроенную форму, а не через образец, тоже убывает	A2	flang/test/self-totality.test.mjs:616 «хвост через встроенную форму убывает»
flang/test/totality.test.mjs	элемент по номеру — часть списка: рекурсия вглубь по нему доказывается	B	такой формы в дереве нет и в зеркале нет; решающее правило держит пример flang/self/totality.flang:1100 «У элемента список стоит вторым»; сама программа законна и выражается .flang с примером
flang/test/totality.test.mjs	проход по номеру вниз доказывается мерой, вверх — нет	C	FLANG_NOT_TOTAL + текст «увеличивает параметр «н»»; половина «вниз» переносима примером, половина «вверх» — только корпусом отказов
flang/test/totality.test.mjs	«пусть» переносит происхождение значения на имя	A2	flang/test/self-totality.test.mjs:955 «`пусть` переносит происхождение на имя»
flang/test/totality.test.mjs	свёртка по конечной коллекции сама по себе не мешает тотальности	A1	flang/stdlib/lists.flang:144 «Обратить» — тотальная, тело свёртка, примеры 148-155
flang/test/totality.test.mjs	обход дерева: рекурсия по полям варианта убывает	A1	flang/stdlib/tree.flang:353 «Размер дерева» — тотальная, рекурсия по полям варианта «Узел», примеры 356-361
flang/test/totality.test.mjs	рекурсия внутри свёртки по полю записи убывает	A2	flang/test/self-totality.test.mjs:644 «рекурсия по полю записи внутри свёртки проходит»
flang/test/totality.test.mjs	взаимная рекурсия с убыванием на общей позиции принимается	A2	flang/test/self-totality.test.mjs:655 «взаимная рекурсия с общим убывающим аргументом проходит»
flang/test/totality.test.mjs	тотальная может звать тотальную без рекурсии	A1	flang/stdlib/lists.flang:144 «Обратить» зовёт «Приписать в начало» (flang/stdlib/lists.flang:109), обе тотальные, у обеих примеры
flang/test/totality.test.mjs	обычные функции не анализируются: бесконечная рекурсия в них не ошибка	A2	flang/test/self-totality.test.mjs:936 «обычные функции не анализируются»
flang/test/totality.test.mjs	отображение и фильтр над параметром не считаются источником незавершаемости	A2	flang/test/self-totality.test.mjs:939
flang/test/totality.test.mjs	счёт «н минус 1» с базой «не больше нуля» доказан тотальным	A1	flang/stdlib/numbers.flang:198 «Степень» (примеры 201-207) и flang/stdlib/lists.flang:252 «Числа до» — та же мера с тем же дном
flang/test/totality.test.mjs	та же мера с рекурсией в ветви «то» и условием «больше нуля»	A2	flang/test/self-totality.test.mjs:680 «мера с рекурсией в ветви «то» доказывается»
flang/test/totality.test.mjs	литерал слева от имени читается как та же граница	A2	flang/test/self-totality.test.mjs:689 «литерал слева от имени даёт ту же границу»
flang/test/totality.test.mjs	дробный шаг при базе-неравенстве доказывается наравне с целым	A2	flang/test/self-totality.test.mjs:698
flang/test/totality.test.mjs	граница действует на всё, что выведено из того же параметра, включая «пусть» до «если»	A2	flang/test/self-totality.test.mjs:707 «граница переносится на «пусть», записанный до «если»»
flang/test/totality.test.mjs	шаг параметром доказывается, когда про шаг известно, что он больше нуля	A2	вердикт — flang/test/self-totality.test.mjs:738; сам сторож (guards) сверяется побайтово там же, строка 468
flang/test/totality.test.mjs	порядок проверок неважен: сперва дно меры, потом знак шага — и наоборот	B	перестановки двух «если» в зеркале нет (там только один порядок, строка 738); программа законна, выражается .flang с примером
flang/test/totality.test.mjs	шаг параметром работает и через «пусть», записанный до проверок	B	в зеркале «пусть» проверен только с литеральным шагом (self-totality.test.mjs:707); программа законна
flang/test/totality.test.mjs	взаимная рекурсия по общему шагу-параметру доказывается	A2	flang/test/self-totality.test.mjs:745
flang/test/totality.test.mjs	взаимная рекурсия по общей мере доказывается	A2	flang/test/self-totality.test.mjs:714
flang/test/totality.test.mjs	нулевой шаг («н минус 0») отвергается: цикл вечен	A2	flang/test/self-totality.test.mjs:724 (вердикт) и 1296 (текст «шаг нулевой» дословно)
flang/test/totality.test.mjs	растущий аргумент («н плюс 1») отвергается	A2	flang/test/self-totality.test.mjs:728 и 1296 (текст «увеличивает параметр «н»» дословно)
flang/test/totality.test.mjs	шаг параметром без проверки на ноль отвергается: при шаге ≤ 0 цикл вечен	A2	flang/test/self-totality.test.mjs:732 «шаг параметром, а не литералом, отвергается»
flang/test/totality.test.mjs	нестрогая граница шага не годится: «ш не меньше 0» допускает ровно ноль	A2	flang/test/self-totality.test.mjs:761
flang/test/totality.test.mjs	тающий шаг отвергается: «ш делить на 2» не доводит до дна никогда	A2	flang/test/self-totality.test.mjs:768
flang/test/totality.test.mjs	шаг, приехавший не на свою позицию, шагом не считается	A2	flang/test/self-totality.test.mjs:775
flang/test/totality.test.mjs	шаг-параметр без дна у меры отвергается: положительного шага мало	C	FLANG_NOT_TOTAL, текст «снизу «н» ничем не ограничен»; в зеркале «мера без базы» стоит только с ЛИТЕРАЛЬНЫМ шагом (self-totality.test.mjs:807)
flang/test/totality.test.mjs	прибавка поверх шага-параметра снимает обещание убывания	A2	flang/test/self-totality.test.mjs:782
flang/test/totality.test.mjs	шаг, вычисленный из самой меры, отвергается: он тает вместе с ней	A2	flang/test/self-totality.test.mjs:789
flang/test/totality.test.mjs	мера без базы отвергается: без дна цепочка уходит в минус бесконечность	A2	flang/test/self-totality.test.mjs:807 и 1285 (текст дословно)
flang/test/totality.test.mjs	база «н равно 0» границы не даёт: ни при целом шаге, ни при дробном	A2	flang/test/self-totality.test.mjs:811; половина про «не равно» в зеркале отсутствует
flang/test/totality.test.mjs	граница действует только в своей ветви	A2	flang/test/self-totality.test.mjs:821 «граница из чужой ветви не действует»
flang/test/totality.test.mjs	граница по чужому параметру мерой не считается	A2	flang/test/self-totality.test.mjs:825
flang/test/totality.test.mjs	сравнение с параметром вместо литерала границы не даёт	A2	flang/test/self-totality.test.mjs:829
flang/test/totality.test.mjs	мера не на своей позиции не принимается	A2	flang/test/self-totality.test.mjs:833
flang/test/totality.test.mjs	деление пополам мерой не считается: до нуля оно не доходит	A2	flang/test/self-totality.test.mjs:837
flang/test/totality.test.mjs	двоичный поиск отвергается: половина отрезка — не постоянный шаг	A2	flang/test/self-totality.test.mjs:793
flang/test/totality.test.mjs	Евклид отвергается: у остатка нет постоянного шага	A2	flang/test/self-totality.test.mjs:841 «остаток (Евклид) мерой не считается»
flang/test/totality.test.mjs	отражение («1 минус н») сдвигом не считается	A2	flang/test/self-totality.test.mjs:845
flang/test/totality.test.mjs	затенение имени снимает границу вместе с происхождением	A2	flang/test/self-totality.test.mjs:797 «перекрытое имя параметра снимает меру»
flang/test/totality.test.mjs	ветвь без убывания слабее ветви с убыванием: берётся слабейшее	A2	flang/test/self-totality.test.mjs:849 «ветвь без убывания делает меру слабее»
flang/test/totality.test.mjs	часть на одном ребре и мера на другом общей позиции не образуют	A2	flang/test/self-totality.test.mjs:856 (та же пара функций)
flang/test/totality.test.mjs	вызов с тем же аргументом отвергается и сообщение называет параметр	A2	flang/test/self-totality.test.mjs:665 и 1240 (весь текст сообщения дословно)
flang/test/totality.test.mjs	вызов с увеличенным аргументом («добавить … к хвосту») отвергается	A2	flang/test/self-totality.test.mjs:880
flang/test/totality.test.mjs	вызов с приписанным элементом («приписать … к хвосту») отвергается	C	FLANG_NOT_TOTAL, «не выведен ни из одного параметра»; в зеркале есть только «добавить» (self-totality.test.mjs:880), «приписать» отдельного случая не имеет
flang/test/totality.test.mjs	накопитель, растущий приписыванием, не мешает убыванию по хвосту	B	в зеркале случая с накопителем нет; в дереве «Обратить» (stdlib/lists.flang:144) переписана свёрткой, рекурсии с накопителем не осталось; программа законна
flang/test/totality.test.mjs	рекурсия по списку, построенному приписыванием, доказывается структурой	B	исходник flang, программа принимается, вердикт — «доказано, guards и descents пусты»; в зеркале случая нет; выражается .flang с примерами
flang/test/totality.test.mjs	результат чужого вызова не считается меньшим: анализ консервативен	A2	flang/test/self-totality.test.mjs:884
flang/test/totality.test.mjs	взаимная рекурсия без убывания отвергается с указанием цикла	A2	flang/test/self-totality.test.mjs:891
flang/test/totality.test.mjs	убывание на разных позициях в цикле не доказывает завершение	A2	flang/test/self-totality.test.mjs:895 и 1268 (текст с перечнем рёбер дословно)
flang/test/totality.test.mjs	разные убывающие позиции у двух самовызовов отвергаются честно, а не молча	A2	flang/test/self-totality.test.mjs:905
flang/test/totality.test.mjs	тотальная функция не может вызывать обычную	A2	flang/test/self-totality.test.mjs:917 и 1252 (текст дословно)
flang/test/totality.test.mjs	постусловие — тоже код: вызов обычной функции из него отвергается	C	FLANG_NOT_TOTAL; ДЫРА: flang/self/totality.flang поле postconditions не читает ни разу (грепом ноль совпадений), правило есть только в flang/src/totality.mjs:446 — перенос обнажит расхождение
flang/test/totality.test.mjs	постусловие обходится в области видимости вычислителя, а не в выдуманной	C	FLANG_NOT_TOTAL; та же дыра: постусловий эталон на flang не анализирует вовсе
flang/test/totality.test.mjs	вызов неизвестной функции из тотальной не даёт доказательства	A2	flang/test/self-totality.test.mjs:921 и 1263 (текст дословно)
flang/test/totality.test.mjs	недоказанность распространяется по графу вызовов, но диагностика не дублируется	A2	flang/test/self-totality.test.mjs:924
flang/test/totality.test.mjs	рекурсия по накопителю свёртки не считается убыванием	A2	flang/test/self-totality.test.mjs:928
flang/test/totality.test.mjs	«любое» не разбирает значение, поэтому убывания не даёт	A2	flang/test/self-totality.test.mjs:932
flang/test/totality.test.mjs	убывание не на своей позиции не принимается	A2	flang/test/self-totality.test.mjs:913 и 1305 (текст дословно)
flang/test/totality.test.mjs	исходник flang из SPEC: «Длина» доказана тотальной	A1	flang/stdlib/lists.flang:89 — та же программа в дереве; дословное зеркало — flang/test/self-totality.test.mjs:1339
flang/test/totality.test.mjs	исходник flang: «добавить голова к хвост» отвергается на разобранном AST	A2	flang/test/self-totality.test.mjs:1356 — тот же исходник, тот же span {line 10, column 17}
flang/test/totality.test.mjs	span вызова доходит до диагностики	A2	flang/test/self-totality.test.mjs:1330 — та же программа, тот же span {line 12, column 9}, та же severity
flang/test/totality.test.mjs	сторож ставится только там, где доказательство держится на мере	A2	flang/test/self-totality.test.mjs:468 — отметка меры сверяется побайтово на всех случаях, включая программы без меры
flang/test/totality.test.mjs	отметка невидима для программ без числовой меры: тот же объект	D	assert.equal(markMeasureGuards(без), без) — тождество ССЫЛКИ на объект JavaScript; экономия аллокации в модуле на JS, у flang такого понятия нет
flang/test/totality.test.mjs	доказательство не ослабло: программа со сторожем считает то же самое	B	«До нуля» на входах 0, 7, −3, 2.5 даёт 0 — чистое «программа на входе даёт значение»; выражается .flang с четырьмя примерами
flang/test/totality.test.mjs	на входах, где шаг ничего не меняет, вместо зацикливания — отказ	C	FLANG_MEASURE, текст называет «До нуля» и «н»; отказ ВЫЧИСЛЕНИЯ, а не проверки — нужен корпус поверх `flang run`, а не поверх `flang check`
flang/test/totality.test.mjs	медленный спуск — не то же самое, что бесконечный: сторож его пропускает	C	FLANG_RECURSION_LIMIT; тоже отказ вычисления, нужен `flang run --max-steps 10000` (довод есть в flang/self/cli.flang:231)
flang/test/totality.test.mjs	цена сторожа: витку прибавляется постоянное число шагов, а не множитель	D	меряет ЧИСЛО ШАГОВ вычислителя на Node (двоичный поиск по maxSteps в createRuntime); «ровно 10 шагов на виток» — свойство flang/src/interpret.mjs, у C-рантайма счётчик другой (fl_tick тикает только на витках петли)
flang/test/totality.test.mjs	«н минус 1» на большом числе действительно ничего не меняет — считает сам язык	B	«Убавить» на входах 18014398509481988 и 1e308 даёт их же — чистое «программа на входе даёт значение», выражается .flang с двумя примерами
flang/test/types.test.mjs	каноническая «Длина» типизируется, сигнатура попадает в таблицу	A2	flang/test/self-types.test.mjs:212 «сигнатуры совпадают с таблицей свидетеля: арность, имена, признак тотальности»
flang/test/types.test.mjs	тип пустого списка выводится из контекста	A2	flang/test/self-types.test.mjs:1623 «пустой список берёт тип из контекста, а без контекста ни с чем не спорит»
flang/test/types.test.mjs	запись, разбор суммы и встроенные формы над строками проходят проверку	A1	flang/stdlib/tree.flang:353 (разбор суммы) и flang/stdlib/tree.flang:272 (запись), flang/stdlib/strings.flang:312 (соединить); файлы обязаны проходить `flang check`
flang/test/types.test.mjs	свёртка, отображение и фильтр согласованы по типам элемента и накопителя	A1	flang/stdlib/lists.flang:144 (свёртка), flang/stdlib/higher-order.flang (отобразить/отфильтровать) — те же формы в дереве
flang/test/types.test.mjs	арифметика над строкой отвергается	A2	flang/test/self-types.test.mjs:647 «арифметика по строке»
flang/test/types.test.mjs	конкатенация числа отвергается	C	FLANG_TYPE; бинарный `соединить X с Y` (op concat) в корпусе self-types отсутствует — там только форма `соединить … по …` (строка 841)
flang/test/types.test.mjs	сравнение числа со строкой отвергается	A2	flang/test/self-types.test.mjs:642 «сравнение разных типов»
flang/test/types.test.mjs	«больше» над списками отвергается: порядка на структурах нет	C	FLANG_TYPE ×2; в корпусе self-types порядок проверен только над СТРОКАМИ (строка 632), над списками — нет
flang/test/types.test.mjs	«больше» над строками отвергается: порядок в языке только для чисел	A2	flang/test/self-types.test.mjs:632 «сравнение порядка по строкам»
flang/test/types.test.mjs	«больше» над признаками и «ничто» отвергается тоже	C	FLANG_TYPE ×2; ни признака, ни «ничто» под сравнением порядка в корпусе self-types нет
flang/test/types.test.mjs	«символ» принимает номер и строку — в порядке поверхности «символ N в текст»	C	FLANG_BUILTIN_ARGS ×2 на перевёрнутом порядке; в корпусе self-types формы «символ» нет вовсе
flang/test/types.test.mjs	«элемент» принимает номер и список — в порядке поверхности «элемент N в списке»	C	FLANG_BUILTIN_ARGS (перевёрнутый порядок, строка вместо списка); в корпусе self-types формы «элемент» нет вовсе
flang/test/types.test.mjs	псевдоним разворачивается в свой тип, а не становится пустой записью	B	в дереве нет НИ ОДНОГО объявления `тип «Х» это …` (грепом ноль), в корпусе self-types псевдоним есть только сломанный; программа законна и выражается .flang с примером
flang/test/types.test.mjs	псевдоним псевдонима разворачивается до конца, объявленный в любом порядке	B	то же: псевдонимов в дереве нет, зеркала нет; программа законна
flang/test/types.test.mjs	псевдоним через самого себя — диагностика, а не бесконечное развёртывание	A2	flang/test/self-types.test.mjs:751 «псевдоним через самого себя»
flang/test/types.test.mjs	псевдоним на запись остаётся той же записью: поля видны	B	то же: псевдонимов в дереве нет, зеркала нет; программа законна
flang/test/types.test.mjs	условие «если» должно быть признаком, а ветви — одного типа	A2	flang/test/self-types.test.mjs:618 «ветви «если» разных типов» и 625 «условие «если» не признак»
flang/test/types.test.mjs	список обязан быть однородным	A2	flang/test/self-types.test.mjs:652 «список неоднороден»
flang/test/types.test.mjs	тело функции обязано совпасть с объявленным типом возврата	A2	flang/test/self-types.test.mjs:461 «тело не того типа» (код, текст и место сверяются)
flang/test/types.test.mjs	несвязанное имя — FLANG_UNKNOWN_NAME, и span доходит до диагностики	A2	flang/test/self-types.test.mjs:465 «неизвестное имя» — сверяются код, весь текст и место
flang/test/types.test.mjs	неизвестное поле записи отвергается	A2	flang/test/self-types.test.mjs:685 «запись не имеет поля»
flang/test/types.test.mjs	запись требует все поля и не терпит лишних	A2	flang/test/self-types.test.mjs:656 «запись без поля» и 663 «запись с лишним полем»
flang/test/types.test.mjs	неизвестный конструктор варианта — FLANG_UNKNOWN_NAME	A2	flang/test/self-types.test.mjs:698
flang/test/types.test.mjs	конструктор варианта с полем неверного типа отвергается	A2	flang/test/self-types.test.mjs:703 «поле варианта не того типа»
flang/test/types.test.mjs	неверная арность вызова отвергается	A2	flang/test/self-types.test.mjs:473 «неверная арность» и 1610 «арность вызова называет имена параметров»
flang/test/types.test.mjs	неверный тип аргумента отвергается	A2	flang/test/self-types.test.mjs:481 «аргумент не того типа»
flang/test/types.test.mjs	неизвестная функция — FLANG_UNKNOWN_NAME	A2	flang/test/self-types.test.mjs:469 «неизвестная функция»
flang/test/types.test.mjs	разбор суммы обязан покрыть все варианты	A2	flang/test/self-types.test.mjs:489 «разбор суммы неполон» и 1551 «исчерпывающность разбора называет непокрытые варианты поимённо»
flang/test/types.test.mjs	разбор списка обязан покрыть «пусто»	A2	flang/test/self-types.test.mjs:499 «разбор списка неполон»
flang/test/types.test.mjs	случай после «любое» недостижим	A2	flang/test/self-types.test.mjs:520 и 1568 «недостижимый случай называет сам образец»
flang/test/types.test.mjs	повторный вариант недостижим	A2	flang/test/self-types.test.mjs:529 «повтор случая недостижим»
flang/test/types.test.mjs	вариант чужой суммы в образце отвергается	A2	flang/test/self-types.test.mjs:574 «вариант из чужой суммы»
flang/test/types.test.mjs	случаи разбора обязаны быть одного типа	A2	flang/test/self-types.test.mjs:565 «случаи разбора разных типов»
flang/test/types.test.mjs	тип накопителя свёртки проверяется по начальному значению	A2	flang/test/self-types.test.mjs:836 «тело свёртки не того типа»
flang/test/types.test.mjs	тело фильтра обязано давать признак	A2	flang/test/self-types.test.mjs:831 «тело отфильтровать не признак»
flang/test/types.test.mjs	отображение по не-списку отвергается	A2	flang/test/self-types.test.mjs:826 «отобразить не по списку»
flang/test/types.test.mjs	арность встроенной формы проверяется	A2	flang/test/self-types.test.mjs:910 «форма получила не столько аргументов» (корпус сломанного AST)
flang/test/types.test.mjs	«приписать» проверяет тип элемента и называет своё слово	C	FLANG_BUILTIN_ARGS; в корпусе self-types есть только «добавить» (строки 816, 821) — что диагностика обязана назвать НАПИСАННОЕ слово, не проверяет никто больше
flang/test/types.test.mjs	«добавить» проверяет тип элемента относительно списка	A2	flang/test/self-types.test.mjs:821 «добавить элемент не того типа»
flang/test/types.test.mjs	пример с ожидаемым значением не того типа отвергается	A2	flang/test/self-types.test.mjs:782 «ожидаемое значение примера не того типа»
flang/test/types.test.mjs	пример с аргументом не того типа отвергается	A2	flang/test/self-types.test.mjs:774 «аргумент примера не того типа»
flang/test/types.test.mjs	пример со значением-вариантом проверяется по объявленным полям	A2	flang/test/self-types.test.mjs:974 «значение примера не вариант суммы» и 993 «значение примера: нет поля и лишнее поле»
flang/test/types.test.mjs	пример без обязательного аргумента отвергается	A2	flang/test/self-types.test.mjs:758 «пример не задаёт аргумент»
flang/test/types.test.mjs	неизвестный тип в сигнатуре — FLANG_UNKNOWN_NAME	A2	flang/test/self-types.test.mjs:709 «неизвестный тип в объявлении»
flang/test/types.test.mjs	необязательное поле и тип-маркер из FTS не ломают проверку	A2	половину (optional на типе поля) держит flang/test/self-types.test.mjs:1637; вторая половина — узел {kind:"unknown", name} — приходит только из моста FTS на JavaScript (flang/src/fts-legacy.mjs:61)
flang/test/types.test.mjs	необязательное поле неизвестного типа не становится обязательным	A2	дорогу парсера ({kind:"named", state:true}) держит flang/test/self-types.test.mjs:1722; дорога моста умирает вместе с flang/src/compat.mjs
flang/test/types.test.mjs	конструктор записи не требует необязательное поле неизвестного типа	D	весь предмет — узел {kind:"unknown"} с пометкой optional; ни один парсер (ни src/parser.mjs, ни self/parser.flang) такого узла не даёт — он приходит только из моста FTS на JavaScript
flang/test/types.test.mjs	исходник flang: «иногда является» не требуется, но и не принимает ложь	A2	flang/test/self-types.test.mjs:856 «необязательное поле не требуется, ошибка в теле» и 870 «необязательное поле не того типа» — те же четыре половины на исходнике flang
flang/test/types.test.mjs	исходник flang: «иногда является» не открывает запись для лишних полей	C	FLANG_TYPE «запись «Анкета» не имеет поля «привет»»; предмет — ВХОДНАЯ ДВЕРЬ checkArguments (`flang run --args`), её эталон на flang не воспроизводит и self-types не сверяет; двойник есть в напечатанном C (fl_check_entry, flang/test/emit-entry-types.test.mjs)
flang/test/types.test.mjs	необязательный аргумент можно не задавать в примере, обязательный — нельзя	A2	flang/test/self-types.test.mjs:1637 «необязательное поле можно не задавать ни в записи, ни в примере»
flang/test/types.test.mjs	исходник flang: парсер → проверка типов, чистая программа	A1	flang/stdlib/tree.flang и весь корпус: объект + тип-сумма + тотальная + свёртка + разбор в одном файле, обязан проходить `flang check`; дубль — flang/test/self-types.test.mjs:204
flang/test/types.test.mjs	исходник flang: неисчерпывающий разбор ловится на разобранном AST	A2	flang/test/self-types.test.mjs:489 (место сверяется вместе с кодом и текстом) и 1551
flang/test/types.test.mjs	одноимённые варианты в разных суммах отвергаются: конструктор стал бы неоднозначным	A2	flang/test/self-types.test.mjs:731 «вариант объявлен в двух суммах»
flang/test/types.test.mjs	функция без «возвращает» — отказ, а не молчаливый джокер	C	FLANG_TYPE «не объявляет, что возвращает»; ДЫРА: строки этой в flang/self/types.flang нет, «Нормализовать тип» (types.flang:2419) при отсутствии returns молча отдаёт джокер — то самое поведение, которое правка в flang/src/types.mjs:4396 и чинила
flang/test/types.test.mjs	джокер, записанный явно, законен: мост из FTS не ломается	D	предмет — returns: {kind:"unknown"}, узел, который даёт только мост FTS на JavaScript (flang/src/fts-legacy.mjs, flang/src/lsp.mjs, flang/src/repl.mjs); поверхность языка такого узла не порождает
flang/test/types.test.mjs	гипотеза «дано» обязана быть признаком: три улики, каждая своим типом	A2	flang/test/self-types.test.mjs:1309 «гипотеза теоремы: у эталона тот же отказ и то же молчание» — те же три дурные гипотезы
flang/test/types.test.mjs	верная гипотеза проходит молча — иначе ловилось бы наличие «дано», а не тип	A2	flang/test/self-types.test.mjs:1309, вторая половина — те же три верные гипотезы
